<?xml version='1.0'?>
<home version='7400' exportFlags='17' name='重慶北版本2.sh3d' camera='observerCamera' wallHeight='250.0'>
  <environment groundColor='00A8A8A8' skyColor='00CCE4FC' lightColor='00D0D0D0'/>
  <observerCamera attribute='observerCamera' lens='PINHOLE' x='988.8984' y='426.41336' z='152.0' yaw='59.252758' pitch='-0.043649673' fieldOfView='2.0943952' time='1753531200605' renderer='com.eteks.sweethome3d.j3d.YafarayRenderer'/>
  <camera attribute='topCamera' lens='PINHOLE' x='977.67755' y='1372.3956' z='1041.887' yaw='2.9715939' pitch='0.70539826' fieldOfView='1.0995575' time='1753531200000' renderer='com.eteks.sweethome3d.j3d.YafarayRenderer'/>
  <pieceOfFurniture catalogId='eTeks#bed' name='床' creator='eTeks' model='1' x='135.98824' y='193.29681' angle='0.0014572149' width='152.0' depth='188.0' height='52.8' modelSize='24868'/>
  <doorOrWindow catalogId='eTeks#frontDoor' name='前門' creator='eTeks' model='3' x='672.25' y='190.30856' width='101.5' depth='17.889639' height='208.5' modelSize='24179' movable='false' cutOutShape='M0,0 v1 h1 v-1 z' wallCutOutOnBothSides='true'>
    <material name='flgrey' shininess='1.0'/>
    <material name='white'>
      <texture name='photos_2015_09_18_fst_461omzz357d' width='300.0' height='199.99998' scale='0.5' image='4'/>
    </material>
    <material name='yellowbrt' color='FF8F3C00'/>
  </doorOrWindow>
  <doorOrWindow catalogId='OlaKristianHoff#glass_door_framless' name='玻璃門' creator='Ola-Kristian Hoff' model='6/glass_door_framless.obj' x='1429.0' y='328.3643' angle='3.1415927' width='91.0' depth='14.00075' height='210.5' modelSize='22234' movable='false' cutOutShape='M0,0 v1 h1 v-1 z' wallCutOutOnBothSides='true'/>
  <doorOrWindow catalogId='OlaKristianHoff#glass_door_framless' name='玻璃門' creator='Ola-Kristian Hoff' model='6/glass_door_framless.obj' x='1537.0' y='328.3643' width='82.0' depth='14.00075' height='210.5' modelSize='22234' movable='false' cutOutShape='M0,0 v1 h1 v-1 z' wallCutOutOnBothSides='true'/>
  <doorOrWindow catalogId='eTeks#door' name='門' creator='eTeks' model='8' x='1231.25' y='323.69766' angle='3.1415927' width='91.5' depth='27.067417' height='208.5' modelSize='14086' movable='false' cutOutShape='M0,0 v1 h1 v-1 z' wallCutOutOnBothSides='true'/>
  <doorOrWindow catalogId='Artist373#rectangularFivePanesWindow' name='5格窗' creator='Pencilart' model='10' x='1.4089537' y='293.8643' elevation='47.0' angle='4.712389' width='370.0' depth='21.818932' height='180.0' modelSize='20691' movable='false' cutOutShape='M0,0 v1 h1 v-1 z' wallCutOutOnBothSides='true'>
    <texture name='black_marouina_1' width='250.0' height='250.00006' image='11'/>
  </doorOrWindow>
  <pieceOfFurniture catalogId='Scopia#dressing-table' name='化妝台' creator='Scopia' model='13/dressing-table.obj' x='315.24994' y='254.45137' angle='1.5707964' width='85.700005' depth='46.5' height='135.90001' modelSize='118535'>
    <material name='whitewood'>
      <texture name='4a75bde6271149d3a271400033f380f5' width='249.0' height='248.99998' image='14'/>
    </material>
  </pieceOfFurniture>
  <pieceOfFurniture catalogId='Icybones#armoire' name='衣櫥' creator='Icybones' model='16' x='312.1' y='156.86412' angle='1.5707964' width='109.0' depth='52.8' height='200.5' modelSize='34973'>
    <material name='tan'>
      <texture name='巴芬橡木' width='300.0' height='299.4141' image='17'/>
    </material>
    <material name='white'>
      <texture name='巴芬橡木' width='300.0' height='299.4141' image='17'/>
    </material>
  </pieceOfFurniture>
  <pieceOfFurniture catalogId='Bettinelli#lit' name='床' creator='Gaël Bettinelli' model='19/lit.obj' x='1300.8655' y='195.08308' angle='3.1430242' width='91.0' depth='188.0' height='78.5' modelSize='49039'/>
  <pieceOfFurniture catalogId='Blend Swap CC-0#televisionCabinet' name='電視櫃' creator='Niebieski' model='21/televisionCabinet.obj' x='373.14996' y='283.0643' angle='4.712389' width='175.0' depth='69.3' height='160.0' modelSize='987267'>
    <material name='Material' shininess='0.9921875'>
      <texture name='black_marouina_1' width='250.0' height='250.00006' image='11'/>
    </material>
    <material name='Material.003' shininess='1.0'>
      <texture name='black_marouina_1' width='250.0' height='250.00006' image='11'/>
    </material>
    <material name='Material.004' shininess='1.0'>
      <texture name='black_marouina_1' width='250.0' height='250.00006' image='11'/>
    </material>
    <material name='Material.005' shininess='1.0'>
      <texture name='black_marouina_1' width='250.0' height='250.00006' image='11'/>
    </material>
    <material name='Material.006' shininess='1.0'>
      <texture name='black_marouina_1' width='250.0' height='250.00006' image='11'/>
    </material>
    <material name='Material.007' shininess='1.0'>
      <texture name='black_marouina_1' width='250.0' height='250.00006' image='11'/>
    </material>
    <material name='Material.008' shininess='1.0'>
      <texture name='black_marouina_1' width='250.0' height='250.00006' image='11'/>
    </material>
    <material name='Material.009' shininess='1.0'>
      <texture name='black_marouina_1' width='250.0' height='250.00006' image='11'/>
    </material>
    <material name='Material.010' shininess='1.0'>
      <texture name='black_marouina_1' width='250.0' height='250.00006' image='11'/>
    </material>
    <material name='Material.011' shininess='1.0'>
      <texture name='black_marouina_1' width='250.0' height='250.00006' image='11'/>
    </material>
    <material name='Material.012' shininess='1.0'>
      <texture name='black_marouina_1' width='250.0' height='250.00006' image='11'/>
    </material>
    <material name='Material.013' shininess='1.0'>
      <texture name='black_marouina_1' width='250.0' height='250.00006' image='11'/>
    </material>
    <material name='glosser' color='FF000000' shininess='0.2421875'/>
    <material name='sruby' color='FF2E2E2E' shininess='0.125'/>
  </pieceOfFurniture>
  <pieceOfFurniture catalogId='Scopia#playstation4' name='遊戲機' creator='Scopia' model='23/playstation4.obj' x='369.85' y='225.11412' elevation='53.5' width='32.7' depth='29.5' height='5.5' modelSize='55926'>
    <material name='texturebase' color='FFF0F0F0'/>
  </pieceOfFurniture>
  <pieceOfFurniture catalogId='eTeks#flatTV' name='平面電視' creator='eTeks' model='25' x='376.0371' y='318.3643' elevation='55.0' angle='4.844579' width='111.9' depth='7.0' height='64.9' modelSize='13041'>
    <material name='fldkgrey' color='FF161616' shininess='0.5078125'/>
  </pieceOfFurniture>
  <pieceOfFurniture catalogId='LucaPresidente#water' name='坐式馬桶' creator='LucaPresidente' model='27/water.obj' x='1548.9183' y='129.14575' angle='0.0014241382' width='36.0' depth='55.7' height='45.3' modelSize='913841'/>
  <pieceOfFurniture catalogId='Scopia#mixer-tap-for-bath-and-shower' name='水龍頭' creator='Scopia' model='29/mixer-tap-for-bath-and-shower.obj' x='1463.15' y='218.86412' elevation='62.5' angle='1.5707964' width='29.0' depth='34.7' height='106.5' modelSize='187413'/>
  <pieceOfFurniture catalogId='OlaKristianHoff#bathroom_cupboard_mirror' name='鏡' creator='Ola-Kristian Hoff' model='31/bathroom_cupboard_mirror.obj' x='1396.5192' y='108.58939' elevation='100.0' angle='0.0014241382' width='60.0' depth='15.0' height='78.0' modelSize='61860'/>
  <pieceOfFurniture catalogId='OlaKristianHoff#washer_dryer' name='洗衣機' creator='Ola-Kristian Hoff' model='33/washer_dryer.obj' x='1450.7108' y='128.6665' angle='0.0014241382' width='59.5' depth='55.0' height='85.0' modelSize='81910'/>
  <pieceOfFurniture catalogId='OlaKristianHoff#wash_basin_corner' name='角隅洗臉台' creator='Ola-Kristian Hoff' model='35/wash_basin_corner.obj' x='1385.5' y='126.10922' elevation='15.0' angle='4.712389' width='50.0' depth='50.0' height='81.0' modelSize='24562'/>
  <shelfUnit catalogId='Blend Swap CC-0#upperShelves' name='多格置物櫃' creator='Vladoffsky' model='37/upperShelves.obj' x='1462.9751' y='118.684006' elevation='120.0' angle='0.0014241382' width='35.0' depth='35.0' height='72.0' modelSize='27621'/>
  <doorOrWindow catalogId='OlaKristianHoff#window_double_2x3_frame_sill' name='2 x 3 雙小視窗窗格與窗臺' creator='Ola-Kristian Hoff' model='39/window_double_2x3_frame_sill.obj' x='1590.8483' y='414.95935' elevation='111.0' angle='1.5757477' width='123.0' depth='22.581394' height='110.0' modelSize='25499' movable='false' cutOutShape='M0,0 v1 h1 v-1 z' wallCutOutOnBothSides='true'/>
  <pieceOfFurniture catalogId='PeterSmolik#roundTable2' name='圓桌' creator='Peter Smolik' model='41/roundTable2.obj' x='672.1188' y='426.72885' width='53.8' depth='53.8' height='68.8' modelSize='2189499'>
    <material name='RoundTable_JillLeg1_1' color='FF4C2900'/>
    <material name='RoundTable_revolvedSurface1_6' shininess='0.5078125'>
      <texture name='巴芬橡木' width='300.0' height='299.4141' image='17'/>
    </material>
  </pieceOfFurniture>
  <pieceOfFurniture catalogId='Pencilart#singleChair' name='單人座沙發' creator='Pencilart' model='43/singleChair.obj' x='743.6227' y='442.37262' angle='2.0943952' width='68.0' depth='66.0' height='71.0' modelSize='1162704'>
    <material name='Sand' shininess='0.125'>
      <texture name='螢幕擷取畫面 2025-07-27 205424' width='200.0' height='186.71875' image='44'/>
    </material>
    <material name='circulargreen'>
      <texture name='1697853395874000256' width='240.5' height='240.49991' image='45'/>
    </material>
    <material name='woodfeet' color='FF2B2B2B'/>
  </pieceOfFurniture>
  <pieceOfFurniture catalogId='eTeks#texturableTriangle' name='三角形' creator='eTeks' model='47/texturableTriangle.obj' x='996.5' y='152.54936' roll='1.5707964' width='250.0' widthInPlan='320.0' depth='82.0' height='320.0' heightInPlan='250.00002' modelSize='1544'>
    <material name='front'>
      <texture name='download' width='249.5' height='249.50003' angle='1.5707964' scale='0.5' image='48'/>
    </material>
    <material name='slope'>
      <texture name='download' width='249.5' height='249.50003' angle='1.5707964' scale='0.7' image='48'/>
    </material>
  </pieceOfFurniture>
  <pieceOfFurniture catalogId='Scopia#internal-unity-air-conditioning' name='空調冷氣機' creator='Scopia' model='50/internal-unity-air-conditioning.obj' x='180.70427' y='479.72083' elevation='200.0' angle='3.1430242' width='88.5' depth='19.800001' height='28.5' modelSize='185600' movable='false'/>
  <pieceOfFurniture catalogId='Pencilart#singleChair' name='單人座沙發' creator='Pencilart' model='43/singleChair.obj' x='599.63995' y='444.28824' angle='2.0943952' width='68.0' depth='66.0' height='71.0' modelSize='1162704'>
    <material name='Sand' shininess='0.1328125'>
      <texture name='螢幕擷取畫面 2025-07-27 205424' width='200.0' height='186.71875' image='44'/>
    </material>
    <material name='circulargreen'>
      <texture name='1697853395874000256' width='240.5' height='240.49991' image='45'/>
    </material>
    <material name='woodfeet' color='FF2B2B2B'/>
  </pieceOfFurniture>
  <pieceOfFurniture catalogId='Omari#piano_cottura' name='炊具' creator='Ben Omari' model='52/piano_cottura_Scene.obj' x='1550.5771' y='460.78183' angle='3.1430242' width='60.0' depth='61.600002' height='96.5' modelSize='18685'/>
  <pieceOfFurniture catalogId='Scopia#dishwasher' name='洗碗機' creator='Scopia' model='54/dishwasher.obj' x='1338.3876' y='461.27808' angle='3.1430242' width='45.0' depth='60.0' height='84.5' modelSize='192806'/>
  <pieceOfFurniture catalogId='Blend Swap CC-0#rangeHood' name='吸煙機' creator='Doniypolo' model='56/rangeHood.obj' x='1549.1014' y='475.67975' elevation='150.0' angle='3.1430242' width='60.0' depth='31.800001' height='42.600002' modelSize='200166'/>
  <pieceOfFurniture catalogId='Pastierovic#cabinet' name='廚房流理臺 下櫃' creator='Robert Pastierovic' model='58' x='1480.5775' y='460.48163' angle='3.1430242' width='80.0' depth='62.0' height='86.0' modelSize='6487'/>
  <pieceOfFurniture catalogId='Pastierovic#upperCabinet2' name='廚房流理臺上櫃' creator='Robert Pastierovic' model='60' x='1402.5302' y='469.41992' elevation='150.0' angle='3.1430242' width='80.0' depth='43.9' height='40.100002' modelSize='3579'/>
  <pieceOfFurniture catalogId='Pastierovic#cabinetWithBasin' name='櫃盆-下櫃' creator='Robert Pastierovic' model='62' x='1402.4387' y='460.36978' angle='3.1430242' width='80.0' depth='62.0' height='99.0' modelSize='21378'/>
  <pieceOfFurniture catalogId='Toomy#casserole' name='鍋子' creator='Toomy' model='64/casserole.obj' x='1526.2146' y='440.4843' elevation='99.0' angle='3.1430242' width='17.4' depth='30.300001' height='8.5' modelSize='81973'/>
  <pieceOfFurniture catalogId='eTeks#fridgeFreezer' name='冰箱' creator='eTeks' model='66' x='1100.6951' y='457.89883' angle='3.1415927' width='60.0' depth='66.0' height='185.0' modelSize='26363'>
    <material name='silver' color='FF131313' shininess='1.0'/>
    <material name='white' color='FF373737' shininess='1.0'/>
  </pieceOfFurniture>
  <pieceOfFurniture catalogId='Blend Swap CC-0#caffe_final' name='咖啡杯' creator='Reduno' model='68/caffe_final.obj' x='678.36926' y='419.35828' elevation='68.8' width='10.0' depth='10.0' height='4.3' modelSize='149084'/>
  <pieceOfFurniture catalogId='Geantick#mug' name='杯子' creator='Geantick' model='70' x='661.7365' y='430.70117' elevation='68.8' width='8.0' depth='10.8' height='9.7' modelSize='131183'/>
  <pieceOfFurniture catalogId='Scopia#dryer_machine' name='烘衣機' creator='Scopia' model='72/dryer_machine.obj' x='1286.3889' y='460.30365' angle='3.1430242' width='59.0' depth='61.8' height='84.200005' modelSize='67783'/>
  <shelfUnit catalogId='Bettinelli#barCusisine' name='吧桌' creator='Gaël Bettinelli' model='74/barCusisine.obj' x='913.6957' y='357.9244' width='121.1' depth='45.0' height='108.4' modelSize='57766'>
    <material name='BoisClair' shininess='1.0'>
      <texture name='巴芬橡木' width='300.0' height='299.4141' image='17'/>
    </material>
  </shelfUnit>
  <pieceOfFurniture catalogId='Toomy#plancheADecouper' name='切菜板' creator='Toomy' model='76/plancheADecouper.obj' x='1497.5178' y='465.34006' elevation='86.0' width='35.0' depth='23.800001' height='1.7' modelSize='69894'/>
  <pieceOfFurniture catalogId='Blend Swap CC-0#knifeStandSwap' name='刀架' creator='PrinterKiller' model='78/knifeStandSwap.obj' x='1482.3986' y='489.73425' elevation='100.0' angle='3.1430242' width='39.2' depth='3.5' height='35.600002' modelSize='383078'/>
  <shelfUnit catalogId='Bettinelli#barCusisine' name='吧桌' creator='Gaël Bettinelli' model='74/barCusisine.obj' x='874.30945' y='430.03156' angle='1.5707964' width='121.1' depth='45.0' height='108.4' modelSize='57766'>
    <material name='BoisClair' shininess='1.0'>
      <texture name='巴芬橡木' width='300.0' height='299.4141' image='17'/>
    </material>
  </shelfUnit>
  <pieceOfFurniture catalogId='Geantick#verreLongDrink' name='高玻璃杯' creator='Geantick' model='80' x='866.9314' y='384.00052' elevation='108.4' width='5.5' depth='5.5' height='17.800001' modelSize='12485'/>
  <pieceOfFurniture catalogId='Toomy#bolDeRiz' name='飯碗' creator='Toomy' model='82/bolDeRiz.obj' x='880.5314' y='396.40918' elevation='108.4' width='11.0' depth='11.0' height='6.0' modelSize='137476'/>
  <pieceOfFurniture catalogId='Toomy#baguettes' name='筷子' creator='Toomy' model='84/baguettes.obj' x='875.70776' y='404.30136' elevation='108.4' angle='1.8325958' width='1.4' depth='21.0' height='0.6' modelSize='12612'/>
  <pieceOfFurniture catalogId='Toomy#autocuiseur' name='電子鍋' creator='Toomy' model='86/autocuiseur.obj' x='1339.7037' y='480.02997' elevation='84.5' angle='3.1430242' width='25.800001' depth='22.5' height='22.800001' modelSize='313653'/>
  <pieceOfFurniture catalogId='Bettinelli#meubleChaussures' name='鞋櫃' creator='Gaël Bettinelli' model='88/meubleChaussures.obj' x='758.85' y='215.16412' width='71.700005' depth='39.600002' height='102.3' modelSize='54955'>
    <material name='hetre2'>
      <texture name='巴芬橡木' width='300.0' height='299.4141' image='17'/>
    </material>
    <material name='hetre3'>
      <texture name='巴芬橡木' width='300.0' height='299.4141' image='17'/>
    </material>
  </pieceOfFurniture>
  <pieceOfFurniture catalogId='LucaPresidente#mensolaAcero' name='原木色層板' creator='LucaPresidente' model='90/mensolaAcero.obj' x='762.7736' y='205.36412' elevation='120.0' width='60.0' depth='20.0' height='5.0' modelRotation='0 0 1 0 1 0 -1 0 0' modelSize='25140'>
    <material name='Box46_1' shininess='0.2578125'>
      <texture name='4a75bde6271149d3a271400033f380f5' width='249.0' height='248.99998' image='14'/>
    </material>
  </pieceOfFurniture>
  <pieceOfFurniture catalogId='LucaPresidente#mensolaAcero' name='原木色層板' creator='LucaPresidente' model='90/mensolaAcero.obj' x='806.8057' y='205.36412' elevation='140.0' width='60.0' depth='20.0' height='5.0' modelRotation='0 0 1 0 1 0 -1 0 0' modelSize='25140'>
    <material name='Box46_1' shininess='0.375'>
      <texture name='4a75bde6271149d3a271400033f380f5' width='249.0' height='248.99998' image='14'/>
    </material>
  </pieceOfFurniture>
  <pieceOfFurniture catalogId='LucaPresidente#mensolaAcero' name='原木色層板' creator='LucaPresidente' model='90/mensolaAcero.obj' x='753.0' y='205.36412' elevation='160.0' width='60.0' depth='20.0' height='5.0' modelRotation='0 0 1 0 1 0 -1 0 0' modelSize='25140'>
    <material name='Box46_1'>
      <texture name='4a75bde6271149d3a271400033f380f5' width='249.0' height='248.99998' image='14'/>
    </material>
  </pieceOfFurniture>
  <pieceOfFurniture catalogId='Scopia#tablet' name='平板電腦' creator='Scopia' model='92/tablet.obj' x='909.49805' y='361.90207' elevation='108.4' width='17.0' depth='24.0' height='0.8' modelSize='42868'/>
  <pieceOfFurniture catalogId='OlaKristianHoff#frame_vertical' name='壁畫' creator='Ola-Kristian Hoff &amp; Annick' model='94/frame_vertical.obj' x='678.67474' y='486.58368' elevation='107.0' angle='3.1430242' width='100.0' depth='5.8823533' height='121.568634' modelSize='66361'>
    <material name='Canvas'>
      <texture name='Vincent_van_Gogh_(1853-1890)_Caféterras_bij_nacht_(place_du_Forum)_Kröller-Müller_Museum_Otterlo_23-8-2016_13-35-40' width='173.20001' height='216.0' image='95'/>
    </material>
  </pieceOfFurniture>
  <pieceOfFurniture catalogId='Scopia#tv-remote-control' name='電視遙控器' creator='Scopia' model='97/tv-remote-control.obj' x='675.317' y='439.19342' elevation='68.8' width='4.5' depth='18.0' height='1.7' modelSize='99470'/>
  <shelfUnit catalogId='Icybones#etageres' name='置物架' creator='Icybones' model='99' x='1139.0' y='175.75041' angle='1.5707964' width='150.0' depth='39.0' height='150.0' modelSize='135414'>
    <material name='sapphire' color='FFFCFCFF' shininess='0.34375'/>
    <material name='tan'>
      <texture name='4a75bde6271149d3a271400033f380f5' width='249.0' height='248.99998' image='14'/>
    </material>
  </shelfUnit>
  <shelfUnit catalogId='PeterSmolik#bookcase' name='書架' creator='Peter Smolik' model='101/bookcase.obj' x='499.04996' y='211.01411' width='182.5' depth='31.300001' height='150.0' modelSize='535250'>
    <material name='BookCase_1'>
      <texture name='4a75bde6271149d3a271400033f380f5' width='249.0' height='248.99998' image='14'/>
    </material>
  </shelfUnit>
  <pieceOfFurniture catalogId='Scopia#tasDeVetements' name='衣服堆' creator='Scopia' model='103/tasDeVetements.obj' x='140.89935' y='213.60938' elevation='44.3' angle='4.712389' width='122.200005' depth='103.8' height='37.7' modelSize='671589'/>
  <pieceOfFurniture catalogId='Scopia#spiceTower' name='香料' creator='Scopia' model='105/spiceTower.obj' x='1448.7391' y='483.501' elevation='86.0' angle='3.1430242' width='15.900001' depth='15.900001' height='31.0' modelSize='506018'/>
  <pieceOfFurniture catalogId='Toomy#eponge' name='海綿' creator='Toomy' model='107/eponge.obj' x='1387.6539' y='481.45087' elevation='89.0' width='10.0' depth='6.0' height='1.4' modelSize='31012'/>
  <pieceOfFurniture catalogId='Bettinelli#poubelleInox' name='垃圾桶' creator='Gaël Bettinelli' model='109/poubelleInox.obj' x='1240.6295' y='474.03815' angle='3.1430242' width='29.0' depth='34.2' height='65.200005' modelSize='78538'/>
  <pieceOfFurniture catalogId='Bettinelli#poubelleInox' name='垃圾桶' creator='Gaël Bettinelli' model='109/poubelleInox.obj' x='809.19995' y='212.46413' width='29.0' depth='34.2' height='65.200005' modelSize='78538'/>
  <pieceOfFurniture catalogId='Bettinelli#poubelleInox' name='垃圾桶' creator='Gaël Bettinelli' model='109/poubelleInox.obj' x='321.39996' y='324.1171' angle='1.5707964' width='29.0' depth='34.2' height='65.200005' modelSize='78538'/>
  <pieceOfFurniture catalogId='Bettinelli#poubelleInox' name='垃圾桶' creator='Gaël Bettinelli' model='109/poubelleInox.obj' x='1510.515' y='118.349625' angle='0.0014241382' width='29.0' depth='34.2' height='65.200005' modelSize='78538'/>
  <pieceOfFurniture catalogId='Bettinelli#poubelleInox' name='垃圾桶' creator='Gaël Bettinelli' model='109/poubelleInox.obj' x='1191.4098' y='117.8973' angle='0.0014241382' width='29.0' depth='34.2' height='65.200005' modelSize='78538'/>
  <pieceOfFurniture catalogId='Toomy#pizza' name='比薩' creator='Toomy' model='111/pizza.obj' x='947.30383' y='354.8131' elevation='108.4' width='29.7' depth='30.0' height='0.90000004' modelSize='65001'/>
  <pieceOfFurniture catalogId='Scopia#safeOnFeet' name='保險箱' creator='Scopia' model='113/safeOnFeet.obj' x='967.346' y='123.528206' angle='0.0014241382' width='46.0' depth='46.100002' height='71.700005' modelSize='76740'/>
  <pieceOfFurniture catalogId='Scopia#reflex_camera' name='照相機' creator='Scopia' model='115/reflex_camera.obj' x='1144.4244' y='225.0233' elevation='75.0' angle='1.5707964' width='12.5' depth='14.900001' height='9.8' modelSize='228719'/>
  <pieceOfFurniture catalogId='Scopia#keys' name='鑰匙' creator='Scopia' model='117/keys.obj' x='738.44617' y='224.76408' elevation='102.3' width='11.5' depth='11.400001' height='2.9' modelSize='71405'/>
  <pieceOfFurniture catalogId='Scopia#basic_camera' name='照相機' creator='Scopia' model='119/basic_camera.obj' x='1141.5337' y='240.90044' elevation='75.0' angle='1.5707964' width='9.7' depth='2.3' height='6.0' modelSize='135289'/>
  <pieceOfFurniture catalogId='OlaKristianHoff#plastic_storage_box' name='收藏盒' creator='Ola-Kristian Hoff' model='121/plastic_storage_box.obj' x='1027.022' y='121.06319' angle='0.0014241382' width='58.0' depth='41.0' height='19.5' modelSize='26950'/>
  <light catalogId='eTeks#spotlight' name='聚光灯' creator='eTeks' model='123' x='681.1084' y='456.46497' elevation='250.0' width='6.8' depth='9.230476' height='12.900766' modelSize='9300'>
    <transformation name='sweethome3d_hinge_2' matrix='1 0 0 0 0 0.7854301 -0.62025815 0.17101508 0 0.6176458 0.7854298 -0.620684'/>
  </light>
  <light catalogId='eTeks#spotlight' name='聚光灯' creator='eTeks' model='123' x='1030.272' y='168.9076' elevation='140.0' angle='5.2359877' width='6.8' depth='9.900001' height='13.1' modelSize='9300'/>
  <pieceOfFurniture name='5fd2dadb8f07d575c7f64b608d871d4e' model='125/Chair%20bar%20columbus%20N180622/Chair%20bar%20columbus%20N180622.3ds' x='822.21136' y='462.64874' angle='3.1415927' width='44.567482' depth='49.342567' height='110.0' modelRotation='0 0 1 0 1 0 -1 0 0' modelSize='248728529'>
    <material name='Leather'>
      <texture name='螢幕擷取畫面 2025-07-27 205424' width='200.0' height='186.71875' image='44'/>
    </material>
  </pieceOfFurniture>
  <pieceOfFurniture name='5fd2dadb8f07d575c7f64b608d871d4e' model='125/Chair%20bar%20columbus%20N180622/Chair%20bar%20columbus%20N180622.3ds' x='820.64813' y='372.4819' angle='2.0943952' width='44.600002' depth='49.3' height='110.0' modelRotation='0 0 1 0 1 0 -1 0 0' modelSize='248728529'>
    <material name='Leather'>
      <texture name='螢幕擷取畫面 2025-07-27 205424' width='200.0' height='186.71875' image='44'/>
    </material>
  </pieceOfFurniture>
  <pieceOfFurniture name='5fd2dadb8f07d575c7f64b608d871d4e' model='125/Chair%20bar%20columbus%20N180622/Chair%20bar%20columbus%20N180622.3ds' x='930.6436' y='412.06177' angle='2.0943952' width='44.600002' depth='49.3' height='110.0' modelRotation='0 0 1 0 1 0 -1 0 0' modelSize='248728529'>
    <material name='Leather'>
      <texture name='螢幕擷取畫面 2025-07-27 205424' width='200.0' height='186.71875' image='44'/>
    </material>
  </pieceOfFurniture>
  <pieceOfFurniture name='106e1c0bdb071651b297038812fc72ae' model='127/Key%20holder%20N070722/Key%20holder%20N070722.3ds' x='360.23608' y='484.8778' elevation='50.0' angle='3.1430242' width='300.0' depth='10.0' height='138.5433' modelSize='105966299'>
    <material name='Plastic_white'>
      <texture name='4a75bde6271149d3a271400033f380f5' width='249.0' height='248.99998' image='14'/>
    </material>
    <material name='Steel' color='FF6C5600'/>
  </pieceOfFurniture>
  <shelfUnit catalogId='eTeks#glassDoorCabinet' name='玻璃門櫥櫃' creator='eTeks' model='129' x='987.4264' y='475.77567' angle='3.1430242' width='70.0' depth='30.0' height='198.2' modelSize='44252'>
    <material name='bone'>
      <texture name='4a75bde6271149d3a271400033f380f5' width='249.0' height='248.99998' image='14'/>
    </material>
  </shelfUnit>
  <shelfUnit catalogId='eTeks#glassDoorCabinet' name='30玻璃門櫥櫃' creator='eTeks' model='129' x='1035.6736' y='475.84473' angle='3.1430242' width='70.0' depth='30.0' height='198.2' modelSize='44252'>
    <material name='bone'>
      <texture name='4a75bde6271149d3a271400033f380f5' width='249.0' height='248.99998' image='14'/>
    </material>
  </shelfUnit>
  <pieceOfFurniture catalogId='Scopia#marteau' name='錘子' creator='Scopia' model='131/marteau.obj' x='1141.2' y='202.01654' elevation='41.0' angle='3.1415927' width='34.600002' depth='12.900001' height='3.3' modelSize='38919'/>
  <light catalogId='Scopia#little_lamp1' name='桌上灯' creator='Scopia' model='136/little_lamp1.obj' x='874.2751' y='469.4132' elevation='106.0' width='33.100002' depth='33.100002' height='41.9' modelSize='594528'>
    <material name='wood_red'>
      <texture name='4a75bde6271149d3a271400033f380f5' width='249.0' height='248.99998' image='14'/>
    </material>
  </light>
  <light catalogId='eTeks#spotlight' name='聚光灯' creator='eTeks' model='123' x='373.8825' y='456.5' elevation='250.0' width='6.8' depth='9.2' height='12.900001' modelSize='9300'>
    <transformation name='sweethome3d_hinge_2' matrix='1 0 0 0 0 0.7854301 -0.62025815 0.17101508 0 0.6176458 0.7854298 -0.620684'/>
  </light>
  <light catalogId='eTeks#incandescentLightSource' name='白熾光源' creator='eTeks' model='133' x='873.584' y='468.44025' elevation='128.0' width='10.0' depth='10.0' height='10.0' modelSize='1286' horizontallyRotatable='false' deformable='false' texturable='false'/>
  <light catalogId='eTeks#spotlight' name='聚光灯' creator='eTeks' model='123' x='788.0006' y='242.16647' elevation='250.0' angle='3.1415927' width='6.8' depth='9.2' height='12.900001' modelSize='9300'>
    <transformation name='sweethome3d_hinge_2' matrix='1 0 0 0 0 0.7854301 -0.62025815 0.17101508 0 0.6176458 0.7854298 -0.620684'/>
  </light>
  <light catalogId='eTeks#spotlight' name='聚光灯' creator='eTeks' model='123' x='1317.2891' y='449.755' elevation='250.0' width='6.8' depth='10.4491415' height='12.18457' modelSize='9300'>
    <transformation name='sweethome3d_hinge_2' matrix='1 0 0 0 0 0.6561876 -0.756192 0.28928283 0 0.75300694 0.6561876 -0.76199'/>
  </light>
  <light catalogId='eTeks#spotlight' name='聚光灯' creator='eTeks' model='123' x='1568.2577' y='418.16257' elevation='250.0' angle='1.5757477' width='6.8' widthInPlan='6.8000016' depth='9.900001' depthInPlan='9.900002' height='13.1' modelSize='9300'/>
  <light catalogId='Puybaret#minispot' name='聚光灯' creator='Emmanuel Puybaret' model='139/minispot.obj' x='1098.6243' y='397.11618' elevation='249.7' width='7.0' depth='7.0' height='0.3' modelSize='10907' movable='false'/>
  <light catalogId='Puybaret#minispot' name='聚光灯' creator='Emmanuel Puybaret' model='139/minispot.obj' x='878.29065' y='398.66785' elevation='114.4' width='7.0' depth='7.0' height='0.3' modelSize='10907' movable='false'/>
  <light catalogId='Puybaret#minispot' name='聚光灯' creator='Emmanuel Puybaret' model='139/minispot.obj' x='673.4733' y='397.11618' elevation='249.7' width='7.0' depth='7.0' height='0.3' modelSize='10907' movable='false'/>
  <light catalogId='Puybaret#minispot' name='聚光灯' creator='Emmanuel Puybaret' model='139/minispot.obj' x='1411.8853' y='400.04807' elevation='249.7' width='7.0' depth='7.0' height='0.3' modelSize='10907' movable='false'/>
  <light catalogId='Puybaret#minispot' name='聚光灯' creator='Emmanuel Puybaret' model='139/minispot.obj' x='372.28265' y='400.0481' elevation='249.7' width='7.0' depth='7.0' height='0.3' modelSize='10907' movable='false'/>
  <light catalogId='Puybaret#minispot' name='聚光灯' creator='Emmanuel Puybaret' model='139/minispot.obj' x='144.01929' y='398.32507' elevation='249.7' width='7.0' depth='7.0' height='0.3' modelSize='10907' movable='false'/>
  <pieceOfFurniture catalogId='Blend Swap CC-0#fireExtinguisher' name='滅火器' creator='Bastable' model='141/fireExtinguisher.obj' x='1208.4281' y='472.44028' elevation='250.00002' width='31.1' depth='18.0' height='62.3' modelSize='494490'/>
  <pieceOfFurniture catalogId='Toomy#bd' name='漫畫書' creator='Toomy' model='143/bd.obj' x='1143.6' y='218.09766' elevation='112.0' angle='1.5707964' roll='1.2217305' width='21.4' widthInPlan='7.938392' depth='29.800001' height='0.7' heightInPlan='20.312492' modelSize='52783'/>
  <pieceOfFurniture catalogId='Toomy#bd' name='漫畫書' creator='Toomy' model='143/bd.obj' x='1143.4287' y='219.47784' elevation='112.0' angle='1.5707964' roll='1.2217305' width='21.4' widthInPlan='7.938392' depth='29.800001' height='0.7' heightInPlan='20.312492' modelSize='52783'/>
  <pieceOfFurniture catalogId='Scopia#wall-hanger' name='牆衣架' creator='Scopia' model='145/wall-hanger.obj' x='123.93504' y='486.48953' elevation='130.0' angle='3.1430242' width='45.0' depth='6.1' height='7.9' modelSize='29201'/>
  <pieceOfFurniture catalogId='Scopia#tournevis' name='螺絲起子' creator='Scopia' model='147/tournevis.obj' x='1137.3511' y='181.05933' elevation='150.0' angle='3.1430242' width='25.5' depth='3.1000001' height='3.1000001' modelSize='15691'/>
  <pieceOfFurniture catalogId='Scopia#perceuse-electrique' name='鑽孔機' creator='Scopia' model='149/perceuse-electrique.obj' x='1137.3654' y='197.0' elevation='75.0' angle='1.5707964' width='6.9' depth='27.0' height='25.9' modelSize='136068'/>
  <pieceOfFurniture catalogId='Sleipnir1#portable' name='筆記型電腦' creator='Sleipnir1' model='151' x='874.2742' y='435.74747' elevation='108.4' angle='1.3089969' width='30.0' depth='25.300001' height='19.2' modelSize='1905344'/>
  <pieceOfFurniture catalogId='Toomy#bouilloire' name='鍋爐' creator='Toomy' model='153/bouilloire.obj' x='943.65466' y='350.9602' elevation='80.0' width='16.7' depth='20.2' height='22.1' modelSize='121513'/>
  <pieceOfFurniture catalogId='Scopia#blouson' name='夾克' creator='Scopia' model='155/blouson.obj' x='109.129616' y='482.39938' elevation='60.0' angle='3.1430242' pitch='4.712389' width='51.3' depth='73.200005' depthInPlan='3.2' height='3.2' heightInPlan='73.200005' modelSize='57918'/>
  <pieceOfFurniture catalogId='eTeks#texturableBox' name='盒子' creator='eTeks' model='157/texturableBox.obj' x='996.564' y='148.4' elevation='250.0' angle='0.0014241382' width='320.0' depth='91.0' height='50.0' modelSize='1661'>
    <texture name='download' width='249.5' height='249.50003' image='48'/>
  </pieceOfFurniture>
  <wall id='wall-6b9b2294-dcac-4b41-abbb-6fe0f9143e2b' wallAtEnd='wall-bd57ec35-5ebd-4322-8e05-1c6a0f184b99' xStart='1.5' yStart='82.364204' xEnd='1.5' yEnd='496.3643' height='300.0' thickness='14.0' pattern='hatchUp'>
    <texture attribute='leftSideTexture' name='photos_2015_09_18_fst_461omzz357d' width='300.0' height='199.99998' scale='0.3' image='4'/>
  </wall>
  <wall id='wall-bd57ec35-5ebd-4322-8e05-1c6a0f184b99' wallAtStart='wall-6b9b2294-dcac-4b41-abbb-6fe0f9143e2b' wallAtEnd='wall-45b647d9-b228-4b5b-848b-04a364fc33bf' xStart='1.5' yStart='496.3643' xEnd='1587.4983' yEnd='498.63474' height='300.0' thickness='14.0' pattern='hatchUp' leftSideShininess='0.25' rightSideShininess='0.25'>
    <texture attribute='leftSideTexture' name='107696295' width='100.0' height='100.0' image='158'/>
  </wall>
  <wall id='wall-45b647d9-b228-4b5b-848b-04a364fc33bf' wallAtStart='wall-bd57ec35-5ebd-4322-8e05-1c6a0f184b99' wallAtEnd='wall-8d48223b-8edd-408e-8581-a8533c79f6ff' xStart='1587.4983' yStart='498.63474' xEnd='1589.5' yEnd='94.364204' height='300.0' thickness='14.0' pattern='hatchUp'>
    <texture attribute='leftSideTexture' name='photos_2015_09_18_fst_461omzz357d' width='300.0' height='199.99998' scale='0.5' image='4'/>
  </wall>
  <wall id='wall-8d48223b-8edd-408e-8581-a8533c79f6ff' wallAtStart='wall-45b647d9-b228-4b5b-848b-04a364fc33bf' xStart='1589.5' yStart='94.364204' xEnd='3.501648' yEnd='92.10552' height='300.0' thickness='14.0' pattern='hatchUp'>
    <texture attribute='leftSideTexture' name='download' width='249.5' height='249.50003' scale='0.3' image='48'/>
  </wall>
  <wall id='wall-4bbb2f63-4222-4eab-b42e-536daba69d84' wallAtEnd='wall-ddf038bb-76b4-4599-9c25-75a9a5de67e3' xStart='1165.5' yStart='94.364204' xEnd='1165.5' yEnd='328.3643' height='300.0' thickness='14.0' pattern='hatchUp'>
    <texture attribute='rightSideTexture' name='download' width='249.5' height='249.50003' scale='0.3' image='48'/>
  </wall>
  <wall id='wall-ddf038bb-76b4-4599-9c25-75a9a5de67e3' wallAtStart='wall-4bbb2f63-4222-4eab-b42e-536daba69d84' xStart='1165.5' yStart='328.3643' xEnd='1587.4983' yEnd='328.3643' height='300.0' thickness='14.0' pattern='hatchUp'>
    <texture attribute='leftSideTexture' name='photos_2017_5_28_fst_stained-planks-dark' width='400.0' height='264.95914' scale='0.3' image='159'/>
    <texture attribute='rightSideTexture' name='download' width='249.5' height='249.50003' scale='0.3' image='48'/>
  </wall>
  <wall id='wall-d051f423-50ba-4067-aa3c-6ed99e11b862' xStart='345.5' yStart='100.364204' xEnd='345.5' yEnd='188.36412' height='300.0' thickness='14.0' pattern='hatchUp'/>
  <wall id='wall-175eaf89-c41c-4ac0-a6ea-d9025d5be519' wallAtEnd='wall-eb7f1340-02ea-4bd6-9c17-f898b883f7e8' xStart='337.5' yStart='188.36412' xEnd='829.5' yEnd='188.36412' height='300.0' thickness='14.0' pattern='hatchUp'>
    <texture attribute='rightSideTexture' name='download' width='249.5' height='249.50003' scale='0.5' image='48'/>
  </wall>
  <wall id='wall-eb7f1340-02ea-4bd6-9c17-f898b883f7e8' wallAtStart='wall-175eaf89-c41c-4ac0-a6ea-d9025d5be519' xStart='829.5' yStart='188.36412' xEnd='829.5' yEnd='84.364204' height='300.0' thickness='14.0' pattern='hatchUp'>
    <texture attribute='rightSideTexture' name='photos_2017_5_28_fst_stained-planks-dark' width='400.0' height='264.95914' scale='0.3' image='159'/>
  </wall>
  <wall id='wall-5f3b1b8f-9445-439e-add9-f7ff9ecc169e' wallAtEnd='wall-e072a332-6cc1-492d-824d-56dd8294d477' xStart='1487.5' yStart='94.364204' xEnd='1487.5' yEnd='328.3643' height='300.0' thickness='14.0' pattern='hatchUp'/>
  <wall id='wall-e072a332-6cc1-492d-824d-56dd8294d477' wallAtStart='wall-5f3b1b8f-9445-439e-add9-f7ff9ecc169e' xStart='1487.5' yStart='328.3643' xEnd='1485.5' yEnd='328.3643' height='250.0' thickness='14.0' pattern='hatchUp'/>
  <wall id='wall-e3cacfe8-e2be-4287-b19c-424c37d676dd' wallAtEnd='wall-46ce2ff9-0caa-464d-b2c7-57a0675fdb5d' xStart='1353.5' yStart='94.364204' xEnd='1353.5' yEnd='328.3643' height='300.0' thickness='14.0' pattern='hatchUp'/>
  <wall id='wall-46ce2ff9-0caa-464d-b2c7-57a0675fdb5d' wallAtStart='wall-e3cacfe8-e2be-4287-b19c-424c37d676dd' xStart='1353.5' yStart='328.3643' xEnd='1353.5' yEnd='328.3643' height='250.0' thickness='14.0' pattern='hatchUp'/>
  <room id='room-f0d6ac54-7161-4d80-b6b0-bb5b7325331d' areaVisible='true' ceilingShininess='0.25' ceilingFlat='true'>
    <texture attribute='floorTexture' name='107696295' width='120.0' height='120.0' image='158'/>
    <texture attribute='ceilingTexture' name='107696295' width='120.0' height='120.0' image='158'/>
    <point x='10.936768' y='99.11279'/>
    <point x='1584.9021' y='101.35416'/>
    <point x='1578.9697' y='491.62482'/>
    <point x='6.9367676' y='489.37433'/>
  </room>
</home>