<?xml version='1.0'?>
<home version='7400' exportFlags='17' name='sweet3d.sh3d' camera='observerCamera' wallHeight='250.0'>
  <environment groundColor='00A8A8A8' skyColor='00CCE4FC' lightColor='00D0D0D0'/>
  <observerCamera attribute='observerCamera' lens='PINHOLE' x='1361.8899' y='629.64777' z='150.0' yaw='92.221245' pitch='0.08921761' fieldOfView='1.9373155' time='1753185600000'/>
  <camera attribute='topCamera' lens='PINHOLE' x='-74.4389' y='1756.2698' z='1021.14215' yaw='3.641572' pitch='0.4557981' fieldOfView='1.0995575' time='1753185600000'/>
  <doorOrWindow catalogId='eTeks#doubleOutwardOpeningWindow' name='向外打開視窗' creator='eTeks' model='1' x='848.20215' y='588.8404' elevation='55.0' angle='4.712389' width='370.0' depth='14.56075' height='247.0' modelSize='26300' movable='false' cutOutShape='M0,0 v1 h1 v-1 z' wallCutOutOnBothSides='true'>
    <texture name='深色木' width='222.0' height='222.0' image='2'/>
  </doorOrWindow>
  <pieceOfFurniture catalogId='eTeks#texturableTriangle' name='三角形' creator='eTeks' model='4/texturableTriangle.obj' x='1825.752' y='451.3692' angle='1.7484555E-7' roll='1.5707964' width='252.0' widthInPlan='320.0' depth='94.0' height='320.0' heightInPlan='252.00002' shininess='0.5' modelSize='1544'>
    <texture name='Wood-Texture-Background-Wallpaper-Mural' width='376.0' height='249.68748' angle='1.5707964' image='5'/>
  </pieceOfFurniture>
  <doorOrWindow catalogId='eTeks#door' name='門' creator='eTeks' model='7' x='2094.0977' y='603.1001' angle='3.1415925' width='91.5' depth='27.067417' height='208.5' modelSize='14086' movable='false' cutOutShape='M0,0 v1 h1 v-1 z' wallCutOutOnBothSides='true'>
    <texture name='white_stone' width='247.0' height='247.0' image='8'/>
  </doorOrWindow>
  <doorOrWindow catalogId='eTeks#door' name='門' creator='eTeks' model='7' x='2230.0977' y='603.1001' angle='3.1415925' width='91.5' depth='27.067417' height='208.5' modelSize='14086' movable='false' cutOutShape='M0,0 v1 h1 v-1 z' wallCutOutOnBothSides='true'>
    <texture name='white_stone' width='247.0' height='247.0' image='8'/>
  </doorOrWindow>
  <doorOrWindow catalogId='eTeks#door' name='門' creator='eTeks' model='7' x='2356.0977' y='603.1001' angle='3.1415925' width='91.5' depth='27.067417' height='208.5' modelSize='14086' movable='false' cutOutShape='M0,0 v1 h1 v-1 z' wallCutOutOnBothSides='true'>
    <texture name='white_stone' width='247.0' height='247.0' image='8'/>
  </doorOrWindow>
  <pieceOfFurniture catalogId='eTeks#toiletUnit' name='抽水馬桶' creator='eTeks' model='10' x='2352.2476' y='445.31274' angle='0.0025739968' width='40.0' depth='80.0' height='62.0' modelSize='125874' movable='false'/>
  <doorOrWindow catalogId='eTeks#doubleOutwardOpeningWindow' name='向外打開視窗' creator='eTeks' model='1' x='2401.6416' y='698.02094' elevation='87.0' angle='1.5707964' width='115.200005' depth='14.56075' height='134.0' modelSize='26300' movable='false' cutOutShape='M0,0 v1 h1 v-1 z' wallCutOutOnBothSides='true'>
    <texture name='深色木' width='222.0' height='222.0' image='2'/>
  </doorOrWindow>
  <pieceOfFurniture catalogId='eTeks#staircase' name='樓梯' creator='eTeks' model='12' x='1308.3379' y='438.91125' angle='1.5707964' width='72.0' depth='222.0' height='1.0' modelSize='13868' movable='false' staircaseCutOutShape='M0,0 v1 h1 v-1 z'/>
  <pieceOfFurniture catalogId='eTeks#bed140x190' name='床' creator='eTeks' model='14' x='976.8856' y='495.77274' angle='0.0025739975' width='158.0' depth='188.0' height='70.0' modelSize='11797'>
    <texture name='老舊木地板' creator='eTeks' catalogId='eTeks#oldWoodenFloor' width='26.9' height='26.9' image='15'/>
  </pieceOfFurniture>
  <pieceOfFurniture name='格子櫃' model='17/etageres.obj' x='1843.3479' y='475.09393' width='300.0' depth='40.0' height='250.0' modelSize='100553'>
    <texture name='深色木' width='222.0' height='222.0' image='2'/>
  </pieceOfFurniture>
  <pieceOfFurniture name='TV' model='19/MontBlancFrame.obj' x='1163.8179' y='615.5169' elevation='40.0' angle='4.712389' width='111.0' depth='20.0' height='65.0' shininess='0.5' modelSize='25402'>
    <material name='Aluminium' color='FF1F1F1F'/>
  </pieceOfFurniture>
  <pieceOfFurniture name='mirror' model='21/mirror.obj' x='2295.0977' y='492.5453' angle='1.5707964' width='100.0' depth='0.5' height='180.0' modelSize='6992'/>
  <pieceOfFurniture name='tourRangeCD' model='23/tourRangeCD.obj' x='1436.1516' y='504.28082' width='19.9' depth='20.0' height='179.6' modelSize='40857'>
    <texture name='深色木' width='222.0' height='222.0' image='2'/>
  </pieceOfFurniture>
  <pieceOfFurniture name='單人沙發' model='25/Sofa-chair%20WD%20N130525.obj' x='1317.7178' y='542.64075' angle='2.6179938' pitch='1.5707964' width='67.0' depth='72.0' depthInPlan='73.0' height='73.0' heightInPlan='72.0' modelSize='12434541'>
    <texture name='green fa' width='20.0' height='20.0' image='26'/>
  </pieceOfFurniture>
  <pieceOfFurniture name='singleChair' model='28/singleChair.obj' x='1504.499' y='733.5216' elevation='5.0' angle='1.8325958' width='67.0' depth='72.0' height='73.0' modelSize='2355740'>
    <texture name='green fa' width='20.0' height='20.0' image='26'/>
  </pieceOfFurniture>
  <pieceOfFurniture name='roundTable2' model='30/roundTable2.obj' x='1426.7955' y='721.7881' width='53.8' depth='53.8' height='68.8' modelSize='2029861'>
    <texture name='深色木' width='222.0' height='222.0' image='2'/>
  </pieceOfFurniture>
  <pieceOfFurniture name='Rack Cubid reception desk bar N250822' model='32/Rack%20Cubid%20reception%20desk%20bar%20N250822.obj' x='1806.0886' y='700.64935' angle='1.5707964' width='150.0' depth='200.0' height='108.4' shininess='0.5' modelSize='8418172'>
    <material name='Ceramic' shininess='0.6171875'>
      <texture name='深色木' width='222.0' height='222.0' image='2'/>
    </material>
    <material name='Stone'>
      <texture name='marble' width='200.0' height='518.8679' image='33'/>
    </material>
  </pieceOfFurniture>
  <pieceOfFurniture catalogId='eTeks#sink' name='水槽' creator='eTeks' model='35' x='2274.8447' y='745.11316' angle='3.1441667' width='120.0' depth='64.0' height='105.700005' modelSize='41849' movable='false'>
    <material name='silver'>
      <texture name='white_stone' width='247.0' height='247.0' image='8'/>
    </material>
  </pieceOfFurniture>
  <pieceOfFurniture catalogId='eTeks#cooker' name='爐具' creator='eTeks' model='37' x='2364.8423' y='746.1904' angle='3.1441667' width='60.0' depth='62.0' height='85.0' modelSize='42013'>
    <material name='flwhite1' color='FFF6F6F6'/>
    <material name='white' color='FFDBDBDB'/>
  </pieceOfFurniture>
  <pieceOfFurniture name='滾筒洗衣機' model='39/washer_dryer.obj' x='2203.5977' y='443.51294' width='64.5' depth='77.0' height='94.0' modelSize='65846'/>
  <pieceOfFurniture name='高腳椅' model='41/Bar%20Stool%20Premium%20N240824.obj' x='1665.8147' y='731.11304' angle='4.1887903' width='35.0' depth='44.8' height='97.6' modelRotation='1 0 0 0 0 1 0 -1 0' modelSize='12953150'/>
  <pieceOfFurniture name='高腳椅' model='41/Bar%20Stool%20Premium%20N240824.obj' x='1849.523' y='718.8657' angle='2.6179938' width='35.0' depth='44.8' height='97.6' modelRotation='1 0 0 0 0 1 0 -1 0' modelSize='12953150'/>
  <pieceOfFurniture name='高腳椅' model='41/Bar%20Stool%20Premium%20N240824.obj' x='1666.2192' y='677.62964' angle='4.1887903' width='35.0' depth='44.8' height='97.6' modelRotation='1 0 0 0 0 1 0 -1 0' modelSize='12953150'/>
  <pieceOfFurniture name='電視牆' model='43/Rack.3DS' x='1168.32' y='616.5645' angle='4.712389' width='127.1' depth='28.188538' height='109.103836' modelSize='53521063'>
    <material name='Material #56'>
      <texture name='marble' width='200.0' height='518.8679' image='33'/>
    </material>
    <material name='Material #57'>
      <texture name='marble' width='200.0' height='518.8679' image='33'/>
    </material>
    <material name='Material #69'>
      <texture name='marble' width='200.0' height='518.8679' image='33'/>
    </material>
    <material name='w  birch'>
      <texture name='marble' width='200.0' height='518.8679' image='33'/>
    </material>
    <material name='w  birch1'>
      <texture name='marble' width='200.0' height='518.8679' image='33'/>
    </material>
    <material name='wood liq'>
      <texture name='marble' width='200.0' height='518.8679' image='33'/>
    </material>
  </pieceOfFurniture>
  <pieceOfFurniture name='大門牆' creator='NB-L' model='45/sweet3d.obj' x='1423.018' y='487.28082' width='485.0' depth='14.0' height='300.0' movable='false'>
    <texture name='Wood-Texture-Background-Wallpaper-Mural' width='376.0' height='249.68748' image='5'/>
  </pieceOfFurniture>
  <doorOrWindow catalogId='eTeks#frontDoor' name='前門' creator='eTeks' model='47' x='1503.268' y='488.38483' width='101.5' depth='17.889639' height='208.5' modelSize='24179' movable='false' cutOutShape='M0,0 v1 h1 v-1 z' wallCutOutOnBothSides='true'>
    <texture name='marble' width='200.0' height='518.8679' image='33'/>
  </doorOrWindow>
  <pieceOfFurniture name='sweet3d' creator='NB-L' model='48/sweet3d.obj' x='1624.9221' y='782.4584' width='1568.0' depth='18.0' height='300.0' movable='false'>
    <texture name='Wood-Texture-Background-Wallpaper-Mural' width='376.0' height='249.68748' angle='1.5707964' image='5'/>
  </pieceOfFurniture>
  <pieceOfFurniture name='格子櫃' model='17/etageres.obj' x='1607.7297' y='518.3692' angle='1.7484555E-7' width='100.0' depth='40.0' height='300.0' modelSize='100553'>
    <texture name='深色木' width='222.0' height='222.0' image='2'/>
  </pieceOfFurniture>
  <pieceOfFurniture name='390b1e4eb98efea07d34e7c95b498785' model='50/Hallway_Wardrobe%20N121124.3ds' x='75.11795' y='19.9721' width='150.2359' depth='39.9442' height='241.1465' modelRotation='0 0 1 0 1 0 -1 0 0' modelSize='2783591'/>
  <pieceOfFurniture name='390b1e4eb98efea07d34e7c95b498785' model='50/Hallway_Wardrobe%20N121124.3ds' x='1155.5679' y='477.91458' angle='1.5707964' width='150.2' depth='39.9' height='241.1' modelRotation='0 0 1 0 1 0 -1 0 0' modelSize='2783591'/>
  <pieceOfFurniture name='tourRangeCD' model='23/tourRangeCD.obj' x='1415.9917' y='504.28082' width='19.9' depth='20.0' height='179.6' modelSize='40857'>
    <texture name='深色木' width='222.0' height='222.0' image='2'/>
  </pieceOfFurniture>
  <pieceOfFurniture name='tourRangeCD' model='23/tourRangeCD.obj' x='1395.8315' y='504.28082' width='19.9' depth='20.0' height='179.6' modelSize='40857'>
    <texture name='深色木' width='222.0' height='222.0' image='2'/>
  </pieceOfFurniture>
  <pieceOfFurniture name='672933b6939c5d5c78e28b331dde689c' model='53/Sconce%20Bacon%20Wall%20Lamp%20N020821/Sconce%20Bacon%20Wall%20Lamp%20N020821.3ds' x='1606.3474' y='759.75836' elevation='150.0' width='21.0' depth='27.4' height='48.4' modelSize='28078657'>
    <material name='tank_glass' color='FFFFF2CE'/>
  </pieceOfFurniture>
  <pieceOfFurniture name='672933b6939c5d5c78e28b331dde689c' model='53/Sconce%20Bacon%20Wall%20Lamp%20N020821/Sconce%20Bacon%20Wall%20Lamp%20N020821.3ds' x='1281.052' y='759.75836' elevation='150.0' width='21.0' depth='27.4' height='48.4' modelSize='28078657'>
    <material name='tank_glass' color='FFFFF2CE'/>
  </pieceOfFurniture>
  <pieceOfFurniture name='672933b6939c5d5c78e28b331dde689c' model='53/Sconce%20Bacon%20Wall%20Lamp%20N020821/Sconce%20Bacon%20Wall%20Lamp%20N020821.3ds' x='1005.28687' y='759.75836' elevation='150.0' width='21.0' depth='27.4' height='48.4' modelSize='28078657'>
    <material name='tank_glass' color='FFFFF2CE'/>
  </pieceOfFurniture>
  <pieceOfFurniture name='672933b6939c5d5c78e28b331dde689c' model='53/Sconce%20Bacon%20Wall%20Lamp%20N020821/Sconce%20Bacon%20Wall%20Lamp%20N020821.3ds' x='2011.8828' y='759.75836' elevation='150.0' width='21.0' depth='27.4' height='48.4' modelSize='28078657'>
    <material name='tank_glass' color='FFFFF2CE'/>
  </pieceOfFurniture>
  <pieceOfFurniture name='5bfde4684a4aa727445dd54b0305b1f0' model='54/Refrigerator.3DS' x='2208.1665' y='742.00836' angle='3.1415927' width='113.5' depth='62.9' height='173.0' modelRotation='-1 0 0 0 1 0 0 0 -1' modelSize='5040661'>
    <material name='01 - Default' color='FFFFFFFF' shininess='1.0'/>
  </pieceOfFurniture>
  <wall id='wall-e3f75400-bcdd-45f4-82cb-ddb3ee3e1f7b' wallAtStart='wall-e5bec31f-a108-4b12-ab93-b8ce3db83a86' xStart='847.9221' yStart='394.44043' xEnd='847.9221' yEnd='780.4404' height='300.0' thickness='14.0' pattern='hatchUp'>
    <texture attribute='leftSideTexture' name='深色木' width='222.0' height='222.0' image='2'/>
  </wall>
  <wall id='wall-f1de2da8-cd91-4637-85a3-1e87d2d15096' wallAtEnd='wall-2448aa68-310c-4bf5-8176-2d90c55b39ca' xStart='2401.9219' yStart='784.4404' xEnd='2401.9219' yEnd='398.44043' height='300.0' thickness='14.0' pattern='hatchUp' leftSideShininess='0.25'>
    <texture attribute='leftSideTexture' name='marble' width='200.0' height='518.8679' image='33'/>
  </wall>
  <wall id='wall-676757a8-454b-43e6-8234-921a3552de8a' xStart='1182.5178' yStart='400.44043' xEnd='1182.5178' yEnd='494.64044' height='300.0' thickness='14.0' pattern='hatchUp'/>
  <wall id='wall-583077eb-664e-4335-a97d-91b4f4ef7e32' wallAtEnd='wall-763a55ea-dc40-47fc-8709-d7a4d32d186e' xStart='1658.5178' yStart='488.44043' xEnd='1658.5222' yEnd='394.44043' height='300.0' thickness='14.0' pattern='hatchUp'/>
  <wall id='wall-763a55ea-dc40-47fc-8709-d7a4d32d186e' wallAtStart='wall-583077eb-664e-4335-a97d-91b4f4ef7e32' xStart='1658.5222' yStart='394.44043' xEnd='1684.5178' yEnd='394.44043' height='250.0' thickness='14.0' pattern='hatchUp'/>
  <wall id='wall-09ff4bf2-e6ef-4038-b300-fdceab0ba40c' xStart='2302.3477' yStart='398.44043' xEnd='2302.3477' yEnd='615.4404' height='300.0' thickness='14.0' pattern='hatchUp'/>
  <wall id='wall-5ce1f577-46b4-4dac-b498-de637af8c27d' xStart='2164.3477' yStart='400.44043' xEnd='2164.3477' yEnd='617.4404' height='300.0' thickness='14.0' pattern='hatchUp'/>
  <wall id='wall-60164a69-fde8-4889-b1b7-7f6fadcf10e8' xStart='2000.3479' yStart='398.44043' xEnd='2000.3479' yEnd='615.4404' height='300.0' thickness='14.0' pattern='hatchUp' leftSideShininess='0.25' rightSideShininess='0.25'>
    <texture attribute='leftSideTexture' name='marble' width='200.0' height='518.8679' image='33'/>
    <texture attribute='rightSideTexture' name='marble' width='200.0' height='518.8679' image='33'/>
  </wall>
  <wall id='wall-e552f103-1315-4296-9a0e-93a7bebcc19a' xStart='1998.846' yStart='611.1125' xEnd='2394.4194' yEnd='611.11255' height='300.0' thickness='14.0' pattern='hatchUp' leftSideShininess='0.25' rightSideShininess='0.25'>
    <texture attribute='rightSideTexture' name='marble' width='200.0' height='518.8679' image='33'/>
  </wall>
  <wall id='wall-2448aa68-310c-4bf5-8176-2d90c55b39ca' wallAtStart='wall-f1de2da8-cd91-4637-85a3-1e87d2d15096' wallAtEnd='wall-e5bec31f-a108-4b12-ab93-b8ce3db83a86' xStart='2401.9219' yStart='398.44043' xEnd='1182.5178' yEnd='395.3017' height='300.0' thickness='14.0' pattern='hatchUp'>
    <texture attribute='leftSideTexture' name='深色木' width='222.0' height='222.0' image='2'/>
  </wall>
  <wall id='wall-e5bec31f-a108-4b12-ab93-b8ce3db83a86' wallAtStart='wall-2448aa68-310c-4bf5-8176-2d90c55b39ca' wallAtEnd='wall-e3f75400-bcdd-45f4-82cb-ddb3ee3e1f7b' xStart='1182.5178' yStart='395.3017' xEnd='847.9221' yEnd='394.44043' height='300.0' thickness='14.0' pattern='hatchUp'/>
  <room id='room-8758da6f-206d-43ae-a4b7-82a4cae819dc' areaVisible='true' ceilingFlat='true'>
    <texture attribute='floorTexture' name='木地板' creator='eTeks' catalogId='eTeks#woodenFloor' width='42.5' height='42.5' image='55'/>
    <point x='854.9221' y='401.45844'/>
    <point x='1175.5178' y='402.2837'/>
    <point x='1175.5178' y='494.64044'/>
    <point x='1120.5178' y='589.90326'/>
    <point x='1044.1504' y='666.27075'/>
    <point x='948.5237' y='691.89386'/>
    <point x='854.9221' y='691.89386'/>
  </room>
  <room id='room-d4e9e0d2-9a2a-425f-a4cb-102bfd38ab6e' name='全屋' areaVisible='true' floorShininess='0.25' ceilingColor='FFFFFFFF' ceilingShininess='0.25' ceilingFlat='true'>
    <texture attribute='floorTexture' name='淺橡木' width='20.0' height='20.0' scale='10.0' image='56'/>
    <point x='852.2446' y='402.79706'/>
    <point x='2393.9978' y='406.76105'/>
    <point x='2393.9978' y='778.761'/>
    <point x='853.9983' y='774.797'/>
    <point x='853.9983' y='774.797'/>
  </room>
</home>