<?xml version='1.0'?>
<home version='7400' exportFlags='17' name='sweet3d.sh3d' camera='observerCamera' wallHeight='250.0'>
  <environment groundColor='00A8A8A8' skyColor='00CCE4FC' lightColor='00D0D0D0'/>
  <observerCamera attribute='observerCamera' lens='PINHOLE' x='454.82318' y='275.26575' z='154.0' yaw='4.147739' pitch='-0.21079648' fieldOfView='2.0943952' time='1753185600000'/>
  <camera attribute='topCamera' lens='PINHOLE' x='-74.4389' y='1756.2698' z='1021.14215' yaw='3.641572' pitch='0.4557981' fieldOfView='1.0995575' time='1753185600000'/>
  <doorOrWindow catalogId='eTeks#doubleOutwardOpeningWindow' name='向外打開視窗' creator='eTeks' model='1' x='-0.21999168' y='197.96019' elevation='55.0' angle='4.712389' width='370.0' depth='14.56075' height='247.0' modelSize='26300' movable='false' cutOutShape='M0,0 v1 h1 v-1 z' wallCutOutOnBothSides='true'>
    <texture name='藍瓷磚' creator='eTeks' catalogId='eTeks#blueTiles' width='20.0' height='20.0' image='2'/>
  </doorOrWindow>
  <doorOrWindow catalogId='eTeks#frontDoor' name='前門' creator='eTeks' model='4' x='654.8457' y='97.50462' width='101.5' depth='17.889639' height='208.5' modelSize='24179' movable='false' cutOutShape='M0,0 v1 h1 v-1 z' wallCutOutOnBothSides='true'>
    <texture name='木地板' creator='eTeks' catalogId='eTeks#woodenFloor' width='42.5' height='42.5' image='5'/>
  </doorOrWindow>
  <pieceOfFurniture catalogId='eTeks#texturableTriangle' name='三角形' creator='eTeks' model='7/texturableTriangle.obj' x='977.33014' y='60.488964' angle='1.7484555E-7' roll='1.5707964' width='252.0' widthInPlan='320.0' depth='94.0' height='320.0' heightInPlan='252.00002' color='FFCDCDCD' shininess='0.5' modelSize='1544'/>
  <doorOrWindow catalogId='eTeks#door' name='門' creator='eTeks' model='9' x='1245.6759' y='208.87405' angle='3.1415925' width='91.5' depth='27.067417' height='208.5' modelSize='14086' movable='false' cutOutShape='M0,0 v1 h1 v-1 z' wallCutOutOnBothSides='true'/>
  <doorOrWindow catalogId='eTeks#door' name='門' creator='eTeks' model='9' x='1381.6759' y='208.87405' angle='3.1415925' width='91.5' depth='27.067417' height='208.5' modelSize='14086' movable='false' cutOutShape='M0,0 v1 h1 v-1 z' wallCutOutOnBothSides='true'/>
  <doorOrWindow catalogId='eTeks#door' name='門' creator='eTeks' model='9' x='1507.6759' y='208.87404' angle='3.1415925' width='91.5' depth='27.067417' height='208.5' modelSize='14086' movable='false' cutOutShape='M0,0 v1 h1 v-1 z' wallCutOutOnBothSides='true'/>
  <pieceOfFurniture catalogId='eTeks#toiletUnit' name='抽水馬桶' creator='eTeks' model='11' x='1503.8258' y='54.432476' angle='0.0025739968' width='40.0' depth='80.0' height='62.0' modelSize='125874' movable='false'/>
  <doorOrWindow catalogId='eTeks#doubleOutwardOpeningWindow' name='向外打開視窗' creator='eTeks' model='1' x='1553.22' y='307.14066' elevation='87.0' angle='1.5707964' width='115.200005' depth='14.56075' height='134.0' modelSize='26300' movable='false' cutOutShape='M0,0 v1 h1 v-1 z' wallCutOutOnBothSides='true'/>
  <pieceOfFurniture catalogId='eTeks#staircase' name='樓梯' creator='eTeks' model='13' x='459.91574' y='48.03102' angle='1.5707964' width='72.0' depth='222.0' height='1.0' modelSize='13868' movable='false' staircaseCutOutShape='M0,0 v1 h1 v-1 z'/>
  <pieceOfFurniture catalogId='eTeks#bed140x190' name='床' creator='eTeks' model='15' x='152.68059' y='104.9548' angle='0.0025739975' width='158.0' depth='188.0' height='70.0' modelSize='11797'>
    <texture name='老舊木地板' creator='eTeks' catalogId='eTeks#oldWoodenFloor' width='26.9' height='26.9' image='16'/>
  </pieceOfFurniture>
  <pieceOfFurniture name='格子櫃' model='18/etageres.obj' x='994.9259' y='81.20987' width='300.0' depth='40.0' height='250.0' modelSize='100553'>
    <texture name='木地板' creator='eTeks' catalogId='eTeks#woodenFloor' width='42.5' height='42.5' image='5'/>
  </pieceOfFurniture>
  <pieceOfFurniture name='TV' model='20/MontBlancFrame.obj' x='461.23135' y='108.06018' elevation='80.0' width='111.0' depth='20.0' height='65.0' shininess='0.5' modelSize='25402'/>
  <pieceOfFurniture name='mirror' model='22/mirror.obj' x='1446.6759' y='101.66504' angle='1.5707964' width='100.0' depth='0.5' height='180.0' modelSize='6992'/>
  <pieceOfFurniture name='tourRangeCD' model='24/tourRangeCD.obj' x='807.3801' y='113.06018' width='19.9' depth='20.0' height='179.6' modelSize='40857'/>
  <pieceOfFurniture catalogId='eTeks#chest' name='箱子' creator='eTeks' model='26' x='747.4301' y='132.06018' width='100.0' depth='40.0' height='80.0' modelSize='52875'/>
  <pieceOfFurniture name='單人沙發' model='28/Sofa-chair%20WD%20N130525.obj' x='290.58984' y='332.58707' angle='5.497787' pitch='1.5707964' width='67.0' depth='72.0' depthInPlan='73.0' height='73.0' heightInPlan='72.0' modelSize='12434541'>
    <texture name='green fa' width='20.0' height='20.0' image='29'/>
  </pieceOfFurniture>
  <pieceOfFurniture name='singleChair' model='31/singleChair.obj' x='534.09985' y='341.7051' elevation='5.0' angle='2.8797934' width='67.0' depth='72.0' height='73.0' modelSize='2355740'/>
  <pieceOfFurniture name='roundTable2' model='33/roundTable2.obj' x='403.86957' y='328.1369' width='53.8' depth='53.8' height='68.8' modelSize='2029861'>
    <texture name='singleChair1' width='20.0' height='20.0' image='34'/>
  </pieceOfFurniture>
  <pieceOfFurniture name='Rack Cubid reception desk bar N250822' model='36/Rack%20Cubid%20reception%20desk%20bar%20N250822.obj' x='957.6668' y='309.7691' angle='1.5707964' width='150.0' depth='200.0' height='108.4' shininess='0.5' modelSize='8418172'>
    <material name='Ceramic' shininess='0.6171875'>
      <texture name='2_2_5_d' width='20.0' height='20.0' image='37'/>
    </material>
    <material name='Stone'>
      <texture name='marble' width='200.0' height='518.8679' image='38'/>
    </material>
  </pieceOfFurniture>
  <pieceOfFurniture catalogId='eTeks#sink' name='水槽' creator='eTeks' model='40' x='1426.4227' y='354.23294' angle='3.1441667' width='120.0' depth='64.0' height='105.700005' modelSize='41849' movable='false'/>
  <pieceOfFurniture catalogId='eTeks#cooker' name='爐具' creator='eTeks' model='42' x='1516.4203' y='355.3102' angle='3.1441667' width='60.0' depth='62.0' height='85.0' modelSize='42013'/>
  <pieceOfFurniture name='滾筒洗衣機' model='44/washer_dryer.obj' x='1355.1759' y='52.63273' width='64.5' depth='77.0' height='94.0' modelSize='65846'/>
  <pieceOfFurniture name='高腳椅' model='46/Bar%20Stool%20Premium%20N240824.obj' x='817.3926' y='340.2328' angle='4.1887903' width='35.0' depth='44.8' height='97.6' modelRotation='1 0 0 0 0 1 0 -1 0' modelSize='12953150'/>
  <pieceOfFurniture name='高腳椅' model='46/Bar%20Stool%20Premium%20N240824.obj' x='1001.10095' y='327.98547' angle='2.6179938' width='35.0' depth='44.8' height='97.6' modelRotation='1 0 0 0 0 1 0 -1 0' modelSize='12953150'/>
  <pieceOfFurniture name='高腳椅' model='46/Bar%20Stool%20Premium%20N240824.obj' x='817.797' y='286.7494' angle='4.1887903' width='35.0' depth='44.8' height='97.6' modelRotation='1 0 0 0 0 1 0 -1 0' modelSize='12953150'/>
  <wall id='wall-e3f75400-bcdd-45f4-82cb-ddb3ee3e1f7b' wallAtStart='wall-e5bec31f-a108-4b12-ab93-b8ce3db83a86' wallAtEnd='wall-2f34e989-3b28-4a47-a25c-323097fbf85d' xStart='-0.49998474' yStart='3.5601807' xEnd='-0.5' yEnd='389.56018' height='300.0' thickness='14.0' pattern='hatchUp'/>
  <wall id='wall-f1de2da8-cd91-4637-85a3-1e87d2d15096' wallAtStart='wall-2f34e989-3b28-4a47-a25c-323097fbf85d' wallAtEnd='wall-2448aa68-310c-4bf5-8176-2d90c55b39ca' xStart='1553.5' yStart='393.56018' xEnd='1553.5' yEnd='7.5601807' height='300.0' thickness='14.0' pattern='hatchUp'>
    <texture attribute='leftSideTexture' name='灰地磚' creator='eTeks' catalogId='eTeks#greyTile' width='31.5' height='31.5' image='47'/>
  </wall>
  <wall id='wall-676757a8-454b-43e6-8234-921a3552de8a' xStart='334.0957' yStart='9.560181' xEnd='334.0957' yEnd='103.76018' height='300.0' thickness='14.0' pattern='hatchUp'/>
  <wall id='wall-5d511e3f-d298-4f35-91bb-4065a156a9a6' wallAtEnd='wall-583077eb-664e-4335-a97d-91b4f4ef7e32' xStart='332.0957' yStart='97.56018' xEnd='810.0957' yEnd='97.56018' height='300.0' thickness='14.0' pattern='hatchUp'/>
  <wall id='wall-583077eb-664e-4335-a97d-91b4f4ef7e32' wallAtStart='wall-5d511e3f-d298-4f35-91bb-4065a156a9a6' wallAtEnd='wall-763a55ea-dc40-47fc-8709-d7a4d32d186e' xStart='810.0957' yStart='97.56018' xEnd='810.1' yEnd='3.5601807' height='300.0' thickness='14.0' pattern='hatchUp'/>
  <wall id='wall-763a55ea-dc40-47fc-8709-d7a4d32d186e' wallAtStart='wall-583077eb-664e-4335-a97d-91b4f4ef7e32' xStart='810.1' yStart='3.5601807' xEnd='836.0957' yEnd='3.5601807' height='250.0' thickness='14.0' pattern='hatchUp'/>
  <wall id='wall-09ff4bf2-e6ef-4038-b300-fdceab0ba40c' xStart='1453.9259' yStart='7.5601807' xEnd='1453.9259' yEnd='224.56018' height='300.0' thickness='14.0' pattern='hatchUp'/>
  <wall id='wall-5ce1f577-46b4-4dac-b498-de637af8c27d' xStart='1315.9259' yStart='9.560181' xEnd='1315.9259' yEnd='226.56018' height='300.0' thickness='14.0' pattern='hatchUp'/>
  <wall id='wall-60164a69-fde8-4889-b1b7-7f6fadcf10e8' xStart='1151.9259' yStart='7.5601807' xEnd='1151.9259' yEnd='224.56018' height='300.0' thickness='14.0' pattern='hatchUp'/>
  <wall id='wall-e552f103-1315-4296-9a0e-93a7bebcc19a' xStart='1151.9259' yStart='213.54062' xEnd='1547.5' yEnd='213.54065' height='300.0' thickness='14.0' pattern='hatchUp'/>
  <wall id='wall-2f34e989-3b28-4a47-a25c-323097fbf85d' wallAtStart='wall-e3f75400-bcdd-45f4-82cb-ddb3ee3e1f7b' wallAtEnd='wall-f1de2da8-cd91-4637-85a3-1e87d2d15096' xStart='-0.5' yStart='389.56018' xEnd='1553.5' yEnd='393.56018' height='300.0' thickness='14.0' pattern='hatchUp'/>
  <wall id='wall-2448aa68-310c-4bf5-8176-2d90c55b39ca' wallAtStart='wall-f1de2da8-cd91-4637-85a3-1e87d2d15096' wallAtEnd='wall-e5bec31f-a108-4b12-ab93-b8ce3db83a86' xStart='1553.5' yStart='7.5601807' xEnd='334.0957' yEnd='4.421431' height='300.0' thickness='14.0' pattern='hatchUp'/>
  <wall id='wall-e5bec31f-a108-4b12-ab93-b8ce3db83a86' wallAtStart='wall-2448aa68-310c-4bf5-8176-2d90c55b39ca' wallAtEnd='wall-e3f75400-bcdd-45f4-82cb-ddb3ee3e1f7b' xStart='334.0957' yStart='4.421431' xEnd='-0.49998474' yEnd='3.5601807' height='300.0' thickness='14.0' pattern='hatchUp'/>
  <room id='room-8758da6f-206d-43ae-a4b7-82a4cae819dc' areaVisible='true' ceilingFlat='true'>
    <texture attribute='floorTexture' name='木地板' creator='eTeks' catalogId='eTeks#woodenFloor' width='42.5' height='42.5' image='5'/>
    <point x='6.5000153' y='10.578222'/>
    <point x='327.0957' y='11.403437'/>
    <point x='327.0957' y='103.76018'/>
    <point x='272.0957' y='199.02298'/>
    <point x='195.72818' y='275.3905'/>
    <point x='100.101524' y='301.01358'/>
    <point x='6.5' y='301.01358'/>
  </room>
  <room id='room-d4e9e0d2-9a2a-425f-a4cb-102bfd38ab6e' name='全屋' areaVisible='true' floorShininess='0.25' ceilingShininess='0.25' ceilingFlat='true'>
    <texture attribute='floorTexture' name='深色木' width='222.0' height='222.0' image='48'/>
    <texture attribute='ceilingTexture' name='灰地磚' creator='eTeks' catalogId='eTeks#greyTile' width='31.5' height='31.5' image='47'/>
    <point x='-2.0585175' y='-3.457859'/>
    <point x='1551.9414' y='14.542187'/>
    <point x='1551.9414' y='386.54214'/>
    <point x='11.941467' y='382.5782'/>
    <point x='11.941467' y='382.5782'/>
  </room>
</home>