<?xml version='1.0'?>
<home version='7400' exportFlags='17' name='sweet3d.sh3d' camera='observerCamera' wallHeight='250.0'>
  <environment groundColor='00A8A8A8' skyColor='00CCE4FC' lightColor='00D0D0D0'>
    <texture attribute='groundTexture' name='石地磚' creator='eTeks' catalogId='eTeks#stoneTiles' width='60.0' height='40.0' image='0'/>
    <texture attribute='skyTexture' name='少雲藍' creator='eTeks' catalogId='eTeks#cloudy' width='100.0' height='27.6' image='1'/>
  </environment>
  <observerCamera attribute='observerCamera' lens='PINHOLE' x='2074.0996' y='617.6858' z='150.0' yaw='202.57881' pitch='-0.07579643' fieldOfView='2.0943952' time='1753185600962' renderer='com.eteks.sweethome3d.j3d.YafarayRenderer'/>
  <camera attribute='topCamera' lens='PINHOLE' x='-74.4389' y='1756.2698' z='1021.14215' yaw='3.641572' pitch='0.4557981' fieldOfView='1.0995575' time='1753185600000' renderer='com.eteks.sweethome3d.j3d.YafarayRenderer'/>
  <pieceOfFurniture catalogId='eTeks#texturableTriangle' name='三角形' creator='eTeks' model='3/texturableTriangle.obj' x='2009.7802' y='451.34656' angle='1.7484555E-7' roll='1.5707964' width='252.0' widthInPlan='320.0' depth='94.0' height='320.0' heightInPlan='252.00002' shininess='0.5' modelSize='1544'>
    <texture name='t0347515e5ab4a161f4' width='100.0' height='100.89446' angle='1.5707964' image='4'/>
  </pieceOfFurniture>
  <doorOrWindow catalogId='eTeks#door' name='門' creator='eTeks' model='6' x='2234.74' y='624.53815' angle='3.1415927' width='91.5' depth='27.067417' height='208.5' modelSize='14086' movable='false' cutOutShape='M0,0 v1 h1 v-1 z' wallCutOutOnBothSides='true'>
    <texture name='white_stone' width='247.0' height='247.0' image='7'/>
  </doorOrWindow>
  <doorOrWindow catalogId='eTeks#door' name='門' creator='eTeks' model='6' x='2438.0388' y='624.53815' angle='3.1415927' width='91.5' depth='27.067417' height='208.5' modelSize='14086' movable='false' cutOutShape='M0,0 v1 h1 v-1 z' wallCutOutOnBothSides='true'>
    <texture name='white_stone' width='247.0' height='247.0' image='7'/>
  </doorOrWindow>
  <doorOrWindow catalogId='eTeks#door' name='門' creator='eTeks' model='6' x='2557.745' y='624.53815' angle='3.1415927' width='91.5' depth='27.067417' height='208.5' modelSize='14086' movable='false' cutOutShape='M0,0 v1 h1 v-1 z' wallCutOutOnBothSides='true'>
    <texture name='white_stone' width='247.0' height='247.0' image='7'/>
  </doorOrWindow>
  <pieceOfFurniture catalogId='eTeks#toiletUnit' name='抽水馬桶' creator='eTeks' model='9' x='2552.0874' y='445.2976' angle='0.0025739968' width='40.0' depth='80.0' height='62.0' modelSize='125874' movable='false'/>
  <doorOrWindow catalogId='eTeks#doubleOutwardOpeningWindow' name='向外打開視窗' creator='eTeks' model='11' x='2610.1404' y='699.83746' elevation='87.0' angle='1.5707964' width='115.200005' depth='14.56075' height='134.0' modelSize='26300' movable='false' cutOutShape='M0,0 v1 h1 v-1 z' wallCutOutOnBothSides='true'>
    <texture name='深色木' width='222.0' height='222.0' image='12'/>
  </doorOrWindow>
  <pieceOfFurniture catalogId='eTeks#staircase' name='樓梯' creator='eTeks' model='14' x='1471.8364' y='438.91125' angle='1.5707964' width='72.0' depth='222.0' height='1.0' modelSize='13868' movable='false' staircaseCutOutShape='M0,0 v1 h1 v-1 z'/>
  <pieceOfFurniture catalogId='eTeks#bed140x190' name='床' creator='eTeks' model='16' x='1157.2334' y='496.01913' angle='3.1415927' width='158.0' depth='188.0' height='70.0' modelSize='11797'>
    <texture name='老舊木地板' creator='eTeks' catalogId='eTeks#oldWoodenFloor' width='26.9' height='26.9' image='17'/>
  </pieceOfFurniture>
  <pieceOfFurniture name='格子櫃' model='19/etageres.obj' x='2020.167' y='474.50885' width='300.0' depth='40.0' height='250.0' modelSize='100553'>
    <texture name='深色木' width='222.0' height='222.0' image='12'/>
  </pieceOfFurniture>
  <pieceOfFurniture name='TV' model='21/MontBlancFrame.obj' x='1323.9993' y='631.096' elevation='45.0' angle='4.712389' width='145.2' depth='7.2' height='83.4' shininess='0.5' modelSize='25402'>
    <material name='Aluminium' color='FF1F1F1F'/>
  </pieceOfFurniture>
  <pieceOfFurniture name='mirror' model='23/mirror.obj' x='2498.5618' y='539.00726' angle='1.5707964' width='100.0' depth='0.5' height='180.0' modelSize='6992'/>
  <pieceOfFurniture name='tourRangeCD' model='25/tourRangeCD.obj' x='1605.3654' y='526.99133' angle='4.712389' width='19.9' depth='20.0' height='180.0' modelSize='40857'>
    <texture name='深色木' width='222.0' height='222.0' image='12'/>
  </pieceOfFurniture>
  <pieceOfFurniture name='單人沙發' model='27/Sofa-chair%20WD%20N130525.obj' x='1691.2009' y='762.8672' angle='3.926991' pitch='1.5707964' width='67.0' depth='72.0' depthInPlan='73.0' height='73.0' heightInPlan='72.0' shininess='0.0' modelSize='12434541'>
    <texture name='12' width='150.0' height='102.27273' image='28'/>
  </pieceOfFurniture>
  <pieceOfFurniture name='roundTable2' model='30/roundTable2.obj' x='1615.7172' y='767.55505' width='53.8' depth='53.8' height='68.8' modelSize='2029861'>
    <texture name='深色木' width='222.0' height='222.0' image='12'/>
  </pieceOfFurniture>
  <pieceOfFurniture catalogId='eTeks#sink' name='水槽' creator='eTeks' model='32' x='2480.4597' y='763.5404' angle='3.1441667' width='120.0' depth='64.0' height='105.700005' modelSize='41849' movable='false'>
    <material name='silver'>
      <texture name='white_stone' width='247.0' height='247.0' image='7'/>
    </material>
    <material name='white'>
      <texture name='深色木' width='222.0' height='222.0' image='12'/>
    </material>
  </pieceOfFurniture>
  <pieceOfFurniture catalogId='eTeks#cooker' name='爐具' creator='eTeks' model='34' x='2573.3408' y='761.6528' angle='3.1441667' width='60.0' depth='62.0' height='85.0' modelSize='42013'>
    <material name='dkgrey' color='FF350000'/>
    <material name='flwhite1' color='FFE6E6E6'/>
    <material name='white' color='FFDBDBDB'/>
  </pieceOfFurniture>
  <pieceOfFurniture name='滾筒洗衣機' model='36/washer_dryer.obj' x='2466.5618' y='443.6634' width='64.5' depth='77.0' height='94.0' modelSize='65846'/>
  <pieceOfFurniture name='高腳椅' model='38/Bar%20Stool%20Premium%20N240824.obj' x='1850.2098' y='760.44476' angle='2.0943952' width='35.0' depth='44.8' height='97.6' modelRotation='1 0 0 0 0 1 0 -1 0' modelSize='12953150'>
    <material name='Leather'>
      <texture name='12' width='120.0' height='81.81818' image='28'/>
    </material>
  </pieceOfFurniture>
  <pieceOfFurniture name='高腳椅' model='38/Bar%20Stool%20Premium%20N240824.obj' x='2001.9656' y='724.7824' angle='2.6179938' width='35.0' depth='44.8' height='97.6' modelRotation='1 0 0 0 0 1 0 -1 0' modelSize='12953150'>
    <material name='Leather'>
      <texture name='12' width='150.0' height='102.27273' xOffset='0.05' image='28'/>
    </material>
  </pieceOfFurniture>
  <pieceOfFurniture name='高腳椅' model='38/Bar%20Stool%20Premium%20N240824.obj' x='1846.9468' y='695.91736' angle='4.712389' width='35.0' depth='44.8' height='97.6' modelRotation='1 0 0 0 0 1 0 -1 0' modelSize='12953150'>
    <material name='Leather'>
      <texture name='12' width='150.0' height='102.27273' image='28'/>
    </material>
  </pieceOfFurniture>
  <pieceOfFurniture name='電視牆' model='40/Rack.3DS' x='1318.9996' y='628.0146' angle='4.712389' width='150.0' depth='33.267353' height='128.76141' modelSize='53521063'>
    <material name='Material #30  òê'>
      <texture name='深色木' width='222.0' height='222.0' image='12'/>
    </material>
    <material name='Material #56'>
      <texture name='marble' width='200.0' height='518.8679' image='41'/>
    </material>
    <material name='Material #57'>
      <texture name='marble' width='200.0' height='518.8679' image='41'/>
    </material>
    <material name='Material #69'>
      <texture name='marble' width='200.0' height='518.8679' image='41'/>
    </material>
    <material name='w  birch'>
      <texture name='marble' width='200.0' height='518.8679' image='41'/>
    </material>
    <material name='w  birch1'>
      <texture name='marble' width='200.0' height='518.8679' image='41'/>
    </material>
    <material name='wood liq'>
      <texture name='marble' width='200.0' height='518.8679' image='41'/>
    </material>
  </pieceOfFurniture>
  <pieceOfFurniture name='大門牆' creator='NB-L' model='43/sweet3d.obj' x='1596.5165' y='489.78366' width='505.0' depth='15.0' height='300.0' movable='false'>
    <texture name='t0347515e5ab4a161f4' width='100.0' height='100.89446' yOffset='0.02' image='4'/>
  </pieceOfFurniture>
  <doorOrWindow catalogId='eTeks#frontDoor' name='前門' creator='eTeks' model='45' x='1680.4037' y='491.39142' width='101.5' depth='17.889639' height='208.5' modelSize='24179' movable='false' cutOutShape='M0,0 v1 h1 v-1 z' wallCutOutOnBothSides='true'>
    <texture name='marble' width='200.0' height='518.8679' image='41'/>
  </doorOrWindow>
  <pieceOfFurniture name='sweet3d' creator='NB-L' model='46/sweet3d.obj' x='1808.4209' y='803.68463' width='1608.0' widthInPlan='1608.0004' depth='18.459183' height='307.65305' movable='false'>
    <texture name='淺灰水泥' width='200.0' height='200.0' angle='1.5707964' scale='1.2' image='47'/>
  </pieceOfFurniture>
  <pieceOfFurniture name='格子櫃' model='19/etageres.obj' x='1759.5199' y='729.455' angle='4.712389' width='130.0' depth='34.0' height='100.0' modelSize='100553'>
    <texture name='深色木' width='222.0' height='222.0' image='12'/>
  </pieceOfFurniture>
  <pieceOfFurniture name='390b1e4eb98efea07d34e7c95b498785' model='49/Hallway_Wardrobe%20N121124.3ds' x='1319.0664' y='477.91458' angle='1.5707964' width='150.2' depth='39.9' height='241.1' modelRotation='0 0 1 0 1 0 -1 0 0' modelSize='2783591'>
    <material name='Wood'>
      <texture name='深色木' width='222.0' height='222.0' image='12'/>
    </material>
  </pieceOfFurniture>
  <pieceOfFurniture name='tourRangeCD' model='25/tourRangeCD.obj' x='1605.4042' y='506.575' angle='4.712389' width='19.9' depth='20.0' height='200.0' modelSize='40857'>
    <texture name='深色木' width='222.0' height='222.0' image='12'/>
  </pieceOfFurniture>
  <pieceOfFurniture name='tourRangeCD' model='25/tourRangeCD.obj' x='1605.3153' y='547.4241' width='19.9' depth='20.0' height='160.0' modelSize='40857'>
    <texture name='深色木' width='222.0' height='222.0' image='12'/>
  </pieceOfFurniture>
  <pieceOfFurniture name='壁燈' model='51/Sconce%20Bacon%20Wall%20Lamp%20N020821/Sconce%20Bacon%20Wall%20Lamp%20N020821.3ds' x='1773.3219' y='780.5123' elevation='180.0' angle='3.1415927' width='21.0' depth='27.4' height='48.4' modelSize='28078657'>
    <material name='tank_glass' color='FFFFF2CE'/>
  </pieceOfFurniture>
  <pieceOfFurniture name='壁燈' model='51/Sconce%20Bacon%20Wall%20Lamp%20N020821/Sconce%20Bacon%20Wall%20Lamp%20N020821.3ds' x='1459.3813' y='780.5123' elevation='180.0' angle='3.1415927' width='21.0' depth='27.4' height='48.4' modelSize='28078657'>
    <material name='tank_glass' color='FFFFF2CE'/>
  </pieceOfFurniture>
  <pieceOfFurniture name='壁燈' model='51/Sconce%20Bacon%20Wall%20Lamp%20N020821/Sconce%20Bacon%20Wall%20Lamp%20N020821.3ds' x='1168.7848' y='777.5474' elevation='180.0' angle='3.1415927' width='21.0' depth='27.4' height='48.4' modelSize='28078657'>
    <material name='tank_glass' color='FFFFF2CE'/>
  </pieceOfFurniture>
  <pieceOfFurniture name='壁燈' model='51/Sconce%20Bacon%20Wall%20Lamp%20N020821/Sconce%20Bacon%20Wall%20Lamp%20N020821.3ds' x='2340.2961' y='781.6625' elevation='180.0' angle='3.1415927' width='21.0' depth='27.4' height='48.4' modelSize='28078657'>
    <material name='tank_glass' color='FFFFF2CE'/>
  </pieceOfFurniture>
  <pieceOfFurniture name='5bfde4684a4aa727445dd54b0305b1f0' model='53/Refrigerator.3DS' x='2227.7754' y='764.24475' angle='3.1415927' width='113.5' depth='62.9' height='173.0' modelRotation='-1 0 0 0 1 0 0 0 -1' modelSize='5040661'>
    <material name='01 - Default' color='FFFFFFFF' shininess='1.0'/>
  </pieceOfFurniture>
  <light catalogId='eTeks#incandescentLightSource' name='白熾光源' creator='eTeks' model='55' x='1168.7877' y='774.60046' elevation='180.0' width='10.0' depth='10.0' height='10.0' modelSize='1286' horizontallyRotatable='false' deformable='false' texturable='false'/>
  <light catalogId='eTeks#incandescentLightSource' name='白熾光源' creator='eTeks' model='55' x='1459.8188' y='778.3744' elevation='180.0' width='10.0' depth='10.0' height='10.0' modelSize='1286' horizontallyRotatable='false' deformable='false' texturable='false'/>
  <light catalogId='eTeks#incandescentLightSource' name='白熾光源' creator='eTeks' model='55' x='1773.4718' y='779.2534' elevation='180.0' width='10.0' depth='10.0' height='10.0' modelSize='1286' horizontallyRotatable='false' deformable='false' texturable='false'/>
  <light catalogId='eTeks#incandescentLightSource' name='白熾光源' creator='eTeks' model='55' x='2339.8289' y='778.7813' elevation='180.0' width='10.0' depth='10.0' height='10.0' modelSize='1286' horizontallyRotatable='false' deformable='false' texturable='false'/>
  <pieceOfFurniture catalogId='eTeks#bed90x190' name='床 90x190' creator='eTeks' model='58' x='2315.5427' y='498.71286' angle='0.0025739835' width='90.0' depth='188.0' height='70.0' modelSize='11692'>
    <texture name='深色木' width='222.0' height='222.0' image='12'/>
  </pieceOfFurniture>
  <pieceOfFurniture name='1728ba994d684bec73278595ed0bf126' model='60/050512_stand_vine.3DS' x='2065.0938' y='780.51227' angle='3.1415927' width='210.0' depth='27.4' height='250.0' modelRotation='0 0 -1 0 1 0 1 0 0' modelSize='97755'>
    <material name='Material #32'>
      <texture name='深色木' width='222.0' height='222.0' image='12'/>
    </material>
  </pieceOfFurniture>
  <pieceOfFurniture name='長抽屜桌' model='62/Rack%20for%20wine%20N250511.3DS' x='1982.5613' y='670.151' width='150.0' depth='50.0' height='105.0' modelSize='1943708'>
    <material name='chrome go'>
      <texture name='深色木' width='222.0' height='222.0' image='12'/>
    </material>
    <material name='front'>
      <texture name='marble' width='200.0' height='518.8679' image='41'/>
    </material>
    <material name='front1'>
      <texture name='marble' width='200.0' height='518.8679' image='41'/>
    </material>
    <material name='front2'>
      <texture name='marble' width='200.0' height='518.8679' image='41'/>
    </material>
    <material name='front3'>
      <texture name='marble' width='200.0' height='518.8679' image='41'/>
    </material>
    <material name='Áàð_Äåðåâî_ìàòåð'>
      <texture name='white_stone' width='247.0' height='247.0' image='7'/>
    </material>
  </pieceOfFurniture>
  <pieceOfFurniture name='長抽屜桌' model='62/Rack%20for%20wine%20N250511.3DS' x='1894.3468' y='720.0993' angle='4.712389' width='150.0' depth='50.0' height='105.0' modelSize='1943708'>
    <material name='chrome go'>
      <texture name='深色木' width='222.0' height='222.0' image='12'/>
    </material>
    <material name='front'>
      <texture name='marble' width='200.0' height='518.8679' image='41'/>
    </material>
    <material name='front1'>
      <texture name='marble' width='200.0' height='518.8679' image='41'/>
    </material>
    <material name='front2'>
      <texture name='marble' width='200.0' height='518.8679' image='41'/>
    </material>
    <material name='front3'>
      <texture name='marble' width='200.0' height='518.8679' image='41'/>
    </material>
    <material name='Áàð_Äåðåâî_ìàòåð'>
      <texture name='white_stone' width='247.0' height='247.0' image='7'/>
    </material>
  </pieceOfFurniture>
  <pieceOfFurniture catalogId='eTeks#texturableBox' name='盒子' creator='eTeks' model='64/texturableBox.obj' x='2009.9387' y='450.34705' elevation='252.0' angle='4.712389' width='94.2' depth='320.0' height='48.0' modelSize='1661'>
    <material name='left'>
      <texture name='t0347515e5ab4a161f4' width='100.0' height='100.89446' scale='0.5' image='4'/>
    </material>
    <material name='right'>
      <texture name='t0347515e5ab4a161f4' width='222.0' height='222.00002' scale='0.5' image='65'/>
    </material>
  </pieceOfFurniture>
  <pieceOfFurniture name='木框畫' model='67/Picture%20gold%20decor%20N130122/Picture%20gold%20decor%20N130122.3ds' x='1616.9712' y='792.655' elevation='130.0' angle='3.1415927' width='72.3' depth='3.6000001' height='88.9' modelRotation='-1 0 0 0 1 0 0 0 -1' modelSize='73217895'>
    <material name='Metal'>
      <texture name='getImage' width='180.0' height='225.33012' xOffset='0.3' angle='4.712389' scale='0.6' image='68'/>
    </material>
    <material name='Steel'>
      <texture name='深色木' width='222.0' height='222.0' image='12'/>
    </material>
  </pieceOfFurniture>
  <pieceOfFurniture name='玻璃杯' model='70/Glass%20Ligne%20Roset%20Smoked%20Glass%20N210922/Glass%20Ligne%20Roset%20Smoked%20Glass%20N210922.3ds' x='1893.3208' y='654.2222' elevation='105.0' width='10.400001' depth='12.7' height='18.7' modelSize='5546707'/>
  <light catalogId='eTeks#incandescentLightSource' name='白熾光源' creator='eTeks' model='55' x='2152.9556' y='552.08124' elevation='180.0' width='10.0' depth='10.0' height='10.0' modelSize='1286' horizontallyRotatable='false' deformable='false' texturable='false'/>
  <pieceOfFurniture name='壁燈' model='51/Sconce%20Bacon%20Wall%20Lamp%20N020821/Sconce%20Bacon%20Wall%20Lamp%20N020821.3ds' x='2156.6223' y='551.7018' elevation='180.0' angle='1.5707964' width='21.0' depth='27.4' height='48.4' modelSize='28078657'>
    <material name='tank_glass' color='FFFFF2CE'/>
  </pieceOfFurniture>
  <light catalogId='Puybaret#minispot' name='Mini spot' creator='Emmanuel Puybaret' model='72/minispot.obj' x='1587.966' y='729.7647' elevation='290.0' width='7.0' depth='7.0' height='0.3' modelSize='11003'/>
  <light catalogId='Puybaret#minispot' name='Mini spot' creator='Emmanuel Puybaret' model='72/minispot.obj' x='1668.0435' y='529.0451' elevation='290.0' width='7.0' depth='7.0' height='0.3' modelSize='11003'/>
  <light catalogId='Puybaret#minispot' name='Mini spot' creator='Emmanuel Puybaret' model='72/minispot.obj' x='1892.6812' y='704.0536' elevation='290.0' width='7.0' depth='7.0' height='0.3' modelSize='11003'/>
  <light catalogId='Puybaret#minispot' name='Mini spot' creator='Emmanuel Puybaret' model='72/minispot.obj' x='1991.0431' y='645.6916' elevation='290.0' width='7.0' depth='7.0' height='0.3' modelSize='11003'/>
  <pieceOfFurniture name='酒瓶1' model='74/Bottle%20Reserva%20Casillero%20del%20Diablo%20SHIRAZ%20by%20Jose%20N030519.3ds' x='2078.2837' y='780.888' elevation='90.0' angle='2.3561945' width='11.3' depth='11.3' height='45.0' modelSize='6409473'/>
  <pieceOfFurniture name='酒瓶1' model='74/Bottle%20Reserva%20Casillero%20del%20Diablo%20SHIRAZ%20by%20Jose%20N030519.3ds' x='2122.3162' y='779.1037' elevation='90.0' angle='2.3561945' width='11.3' depth='11.3' height='45.0' modelSize='6409473'/>
  <pieceOfFurniture name='酒瓶1' model='74/Bottle%20Reserva%20Casillero%20del%20Diablo%20SHIRAZ%20by%20Jose%20N030519.3ds' x='1973.2993' y='784.0273' elevation='169.0' angle='2.3561945' width='11.3' depth='11.3' height='45.0' modelSize='6409473'>
    <material name='clear_window' color='FF494949'/>
  </pieceOfFurniture>
  <pieceOfFurniture name='酒瓶2' model='76/Bottle.3DS' x='1987.8824' y='777.9378' elevation='90.0' width='9.0' depth='9.0' height='33.22059' modelSize='22934808'>
    <material name='wire_060135006' color='FFFFFFFF'/>
  </pieceOfFurniture>
  <pieceOfFurniture name='酒瓶2' model='76/Bottle.3DS' x='2000.3967' y='778.6329' elevation='90.0' width='9.0' depth='9.0' height='33.2' modelSize='22934808'/>
  <pieceOfFurniture name='酒瓶2' model='76/Bottle.3DS' x='2049.5513' y='779.3857' elevation='90.0' width='9.0' depth='9.0' height='33.2' color='FF3B2100' modelSize='22934808'/>
  <pieceOfFurniture name='酒瓶2' model='76/Bottle.3DS' x='2063.2476' y='778.447' elevation='128.0' width='9.0' depth='9.0' height='33.2' color='FF002A38' modelSize='22934808'/>
  <pieceOfFurniture name='酒瓶2' model='76/Bottle.3DS' x='2142.3445' y='782.8611' elevation='128.0' width='9.0' depth='9.0' height='33.2' color='FF350006' modelSize='22934808'/>
  <pieceOfFurniture name='威士忌' model='78/Bottle.3DS' x='2159.7898' y='779.89215' elevation='126.0' width='13.278063' depth='13.189541' height='34.7' modelSize='9132724'/>
  <doorOrWindow catalogId='eTeks#frenchWindow85x200' name='落地窗' creator='eTeks' model='80' x='1008.89514' y='592.1832' elevation='11.0' angle='1.5707964' width='440.0' depth='19.04075' height='35.0' modelSize='9824' movable='false' cutOutShape='M0,0 v1 h1 v-1 z' wallCutOutOnBothSides='true'/>
  <doorOrWindow catalogId='eTeks#window85x163' name='窗戶' creator='eTeks' model='82' x='1008.89514' y='737.388' elevation='67.0' angle='1.5707964' width='121.0' depth='19.04075' height='220.0' modelSize='8910' movable='false' cutOutShape='M0,0 v1 h1 v-1 z' wallCutOutOnBothSides='true'>
    <material name='white'>
      <texture name='white_stone' width='247.0' height='247.0' image='7'/>
    </material>
  </doorOrWindow>
  <doorOrWindow catalogId='eTeks#window85x163' name='窗戶' creator='eTeks' model='82' x='1008.89514' y='526.5913' elevation='67.0' angle='1.5707964' width='340.0' depth='19.04075' height='220.0' modelSize='8910' movable='false' cutOutShape='M0,0 v1 h1 v-1 z' wallCutOutOnBothSides='true'>
    <material name='white'>
      <texture name='white_stone' width='247.0' height='247.0' image='7'/>
    </material>
  </doorOrWindow>
  <pieceOfFurniture catalogId='Blend Swap CC-0#couch2' name='沙發' creator='Karagez' model='84/couch2.obj' x='1530.4059' y='578.2837' angle='1.5707964' width='162.0' depth='132.0' height='80.0' modelSize='153418'>
    <material name='dark_fabric'>
      <texture name='12' width='150.0' height='102.27273' image='28'/>
    </material>
  </pieceOfFurniture>
  <pieceOfFurniture catalogId='Baffab#portemanteaux2' name='吊衣架' creator='Baffab' model='86/portemanteaux2.obj' x='1279.366' y='677.2311' width='46.0' depth='46.0' height='161.8' modelSize='309432'/>
  <pieceOfFurniture catalogId='Blend Swap CC-0#fireExtinguisher' name='滅火器' creator='Bastable' model='88/fireExtinguisher.obj' x='2338.1611' y='785.455' width='31.1' depth='18.0' height='62.3' modelSize='494490'/>
  <pieceOfFurniture name='六角格' model='90/Key%20holder%20N070722/Key%20holder%20N070722.3ds' x='1158.6313' y='786.60504' elevation='45.0' angle='3.1415927' width='250.0' depth='15.7' height='115.4' modelSize='105966299'>
    <material name='Plastic_white'>
      <texture name='white_stone' width='247.0' height='247.0' image='7'/>
    </material>
  </pieceOfFurniture>
  <pieceOfFurniture catalogId='Toomy#bd' name='漫畫書' creator='Toomy' model='92/bd.obj' x='1759.6057' y='690.20593' elevation='100.0' angle='0.2617994' width='21.4' depth='29.800001' height='0.7' modelSize='52783'/>
  <pieceOfFurniture catalogId='Blend Swap CC-0#ammoBox' name='盒子' creator='Mahesh' model='94/ammoBox.obj' x='2131.6973' y='454.31674' elevation='10.0' angle='1.5707964' width='100.0' depth='52.100002' height='30.6' modelSize='76416'/>
  <pieceOfFurniture catalogId='Toomy#livres' name='書本' creator='Toomy' model='96/livres.obj' x='1762.1243' y='745.7407' elevation='25.0' angle='1.5707964' width='24.0' depth='16.9' height='26.9' modelSize='78618'>
    <material name='book1' color='FF003E03'/>
    <material name='book2' color='FF000000'/>
    <material name='book5' color='FF5C006C'/>
  </pieceOfFurniture>
  <pieceOfFurniture catalogId='Toomy#livres' name='書本' creator='Toomy' model='96/livres.obj' x='1766.0082' y='713.6734' elevation='25.0' angle='1.5707964' width='24.0' depth='16.9' height='26.9' modelSize='78618'>
    <material name='book1' color='FF05006F'/>
    <material name='book2' color='FF004850'/>
    <material name='book3' color='FF0019B0'/>
    <material name='book5' color='FFC08700'/>
    <material name='book6' color='FF3E0013'/>
  </pieceOfFurniture>
  <pieceOfFurniture catalogId='Blend Swap CC-0#headphones' name='一副耳機' creator='Alaskaman' model='98/headphones.obj' x='1760.3269' y='680.90076' elevation='74.0' width='18.9' depth='20.0' height='8.2' modelRotation='0 0 1 -1 0 0 0 -1 0' modelSize='194214'/>
  <pieceOfFurniture catalogId='Blend Swap CC-0#iphone' name='Apple iPhone' creator='Bheema' model='100/iphone.obj' x='1619.173' y='755.3685' elevation='68.8' angle='4.9741883' width='5.8' depth='11.5' height='0.90000004' modelRotation='1 0 0 0 0 1 0 -1 0' modelSize='69053'/>
  <pieceOfFurniture catalogId='Geantick#verreEau' name='水杯' creator='Geantick' model='102' x='1620.437' y='768.3929' elevation='68.8' width='7.0' depth='7.0' height='7.2000003' modelSize='12648'/>
  <pieceOfFurniture name='格子櫃' model='19/etageres.obj' x='1796.7153' y='514.2837' angle='3.1415927' width='100.0' depth='34.0' height='120.0' modelSize='100553'>
    <texture name='深色木' width='222.0' height='222.0' image='12'/>
  </pieceOfFurniture>
  <pieceOfFurniture catalogId='eTeks#dishwasher' name='洗碗機' creator='eTeks' model='104' x='2390.38' y='763.6388' angle='3.1415927' width='60.0' depth='65.0' height='85.0' modelSize='7169'/>
  <pieceOfFurniture catalogId='Toomy#poele' name='平底鍋' creator='Toomy' model='106/poele.obj' x='2581.8203' y='749.5614' elevation='85.0' angle='1.5707964' width='25.7' depth='43.2' height='5.4' modelSize='118592'/>
  <pieceOfFurniture catalogId='Blend Swap CC-0#knifeStandSwap' name='刀架' creator='PrinterKiller' model='108/knifeStandSwap.obj' x='2458.683' y='790.7729' elevation='87.783394' width='39.2' depth='3.5' height='35.600002' modelSize='383078'/>
  <shelfUnit catalogId='Pencilart#2GlassDoorCabinet' name='木製上玻璃櫃' creator='Pencilart' model='110/2GlassDoorCabinet.obj' x='2413.19' y='774.855' elevation='140.0' angle='3.1415927' width='96.0' depth='39.2' height='70.0' modelSize='198129'>
    <material name='Woodenhandle'>
      <texture name='深色木' width='222.0' height='222.0' image='12'/>
    </material>
    <material name='wood'>
      <texture name='深色木' width='222.0' height='222.0' image='12'/>
    </material>
  </shelfUnit>
  <pieceOfFurniture catalogId='Toomy#plancheADecouper' name='切菜板' creator='Toomy' model='112/plancheADecouper.obj' x='2437.276' y='777.123' elevation='90.0' width='35.0' depth='23.800001' height='1.7' modelSize='69894'/>
  <pieceOfFurniture catalogId='Bettinelli#poubelleInox' name='垃圾桶' creator='Gaël Bettinelli' model='114/poubelleInox.obj' x='2253.5251' y='779.9671' angle='3.1415927' width='29.0' depth='34.2' height='45.2' modelSize='78538'/>
  <pieceOfFurniture catalogId='Bettinelli#poubelleInox' name='垃圾桶' creator='Gaël Bettinelli' model='114/poubelleInox.obj' x='2586.6794' y='426.6474' angle='3.1415927' width='29.0' depth='34.2' height='45.2' modelSize='78538'/>
  <pieceOfFurniture catalogId='Bettinelli#poubelleInox' name='垃圾桶' creator='Gaël Bettinelli' model='114/poubelleInox.obj' x='2256.1968' y='421.6971' width='29.0' depth='34.2' height='45.2' modelSize='78538'/>
  <pieceOfFurniture catalogId='Bettinelli#poubelleInox' name='垃圾桶' creator='Gaël Bettinelli' model='114/poubelleInox.obj' x='1864.5283' y='515.44653' width='29.0' depth='34.2' height='45.2' modelSize='78538'/>
  <pieceOfFurniture catalogId='Bettinelli#poubelleInox' name='垃圾桶' creator='Gaël Bettinelli' model='114/poubelleInox.obj' x='1358.0022' y='514.38367' width='29.0' depth='34.2' height='45.2' modelSize='78538'/>
  <pieceOfFurniture catalogId='Bettinelli#poubelleInox' name='垃圾桶' creator='Gaël Bettinelli' model='114/poubelleInox.obj' x='1068.6874' y='418.7252' width='29.0' depth='34.2' height='45.2' modelSize='78538'/>
  <pieceOfFurniture catalogId='Snduc#boiteMetal' name='金屬罐' creator='Snduc' model='116' x='1938.6761' y='662.73145' elevation='105.0' width='6.7000003' depth='6.7000003' height='11.2' modelSize='116831'/>
  <pieceOfFurniture catalogId='Geantick#verreVin' name='酒杯' creator='Geantick' model='118' x='2029.9525' y='670.9919' elevation='105.0' width='7.3' depth='7.3' height='10.1' modelSize='32560'/>
  <pieceOfFurniture catalogId='Toomy#bolDeRiz' name='飯碗' creator='Toomy' model='120/bolDeRiz.obj' x='1897.6123' y='678.5279' elevation='105.0' width='11.0' depth='11.0' height='6.0' modelSize='137476'/>
  <pieceOfFurniture catalogId='Blend Swap CC-0#slippersSeparated' name='拖鞋' creator='Mik1190' model='122/slippersSeparated.obj' x='1765.2233' y='555.16205' angle='4.9741883' width='23.7' depth='28.1' height='6.1' modelSize='139854'/>
  <pieceOfFurniture catalogId='Blend Swap CC-0#bootieSeparated' name='鞋子' creator='Cgrifter' model='124/bootieSeparated.obj' x='1762.731' y='518.1215' elevation='90.0' width='21.0' depth='26.800001' height='17.5' modelSize='76680'/>
  <pieceOfFurniture name='工具網' model='19/etageres.obj' x='1894.0453' y='498.59653' elevation='168.0' angle='3.1415927' width='20.0' depth='0.5' height='23.999998' color='FF1C1C1C' shininess='0.5' modelSize='100553'/>
  <pieceOfFurniture name='工具網' model='19/etageres.obj' x='1914.0453' y='498.6' elevation='168.0' angle='3.1415927' width='20.0' depth='0.5' height='24.0' color='FF1C1C1C' shininess='0.5' modelSize='100553'/>
  <pieceOfFurniture name='工具網' model='19/etageres.obj' x='1934.0' y='498.59653' elevation='168.0' angle='3.1415927' width='20.0' depth='0.5' height='24.0' color='FF1C1C1C' shininess='0.5' modelSize='100553'/>
  <pieceOfFurniture name='工具網' model='19/etageres.obj' x='1954.0' y='498.6' elevation='168.0' angle='3.1415927' width='20.0' depth='0.5' height='24.0' color='FF1C1C1C' shininess='0.5' modelSize='100553'/>
  <pieceOfFurniture name='工具網' model='19/etageres.obj' x='1894.0453' y='498.59653' elevation='144.0' angle='3.1415927' width='20.0' depth='0.5' height='24.0' color='FF1C1C1C' shininess='0.5' modelSize='100553'/>
  <pieceOfFurniture name='工具網' model='19/etageres.obj' x='1914.0453' y='498.6' elevation='144.0' angle='3.1415927' width='20.0' depth='0.5' height='24.0' color='FF1C1C1C' shininess='0.5' modelSize='100553'/>
  <pieceOfFurniture name='工具網' model='19/etageres.obj' x='1934.0' y='498.6' elevation='144.0' angle='3.1415927' width='20.0' depth='0.5' height='24.0' color='FF1C1C1C' shininess='0.5' modelSize='100553'/>
  <pieceOfFurniture name='工具網' model='19/etageres.obj' x='1914.0' y='498.6' elevation='120.0' angle='3.1415927' width='20.0' depth='0.5' height='24.0' color='FF1C1C1C' shininess='0.5' modelSize='100553'/>
  <pieceOfFurniture name='工具網' model='19/etageres.obj' x='1894.0' y='498.6' elevation='120.0' angle='3.1415927' width='20.0' depth='0.5' height='24.0' color='FF1C1C1C' shininess='0.5' modelSize='100553'/>
  <pieceOfFurniture name='工具網' model='19/etageres.obj' x='1914.0' y='498.6' elevation='96.0' angle='3.1415927' width='20.0' depth='0.5' height='24.0' color='FF1C1C1C' shininess='0.5' modelSize='100553'/>
  <pieceOfFurniture catalogId='Geantick#tournevis' name='螺絲起子' creator='Geantick' model='126' x='1935.439' y='500.89032' elevation='144.0' pitch='1.5707964' width='2.5' depth='20.0' depthInPlan='2.5000002' height='2.5' heightInPlan='20.0' modelSize='78220'/>
  <pieceOfFurniture catalogId='Geantick#marteau' name='鐵錘' creator='Geantick' model='128' x='1906.344' y='499.64655' elevation='134.0' angle='3.1415927' pitch='1.5707964' width='9.2' depth='25.0' depthInPlan='2.6000001' height='2.6000001' heightInPlan='25.0' modelRotation='-1 0 0 0 1 0 0 0 -1' modelSize='30284'/>
  <pieceOfFurniture catalogId='Blend Swap CC-0#ruler' name='把尺' creator='Doujon' model='130/ruler.obj' x='1918.7388' y='500.04654' elevation='96.0' angle='1.7484555E-7' roll='0.7853982' width='31.2' widthInPlan='22.203146' depth='3.4' height='0.2' heightInPlan='22.203148' modelSize='449669'/>
  <pieceOfFurniture name='1af2d0415b8c9774fd4105d49e7dcf3d' model='132/Set%20kitchen%20tools%20N271114.3DS' x='2543.8035' y='791.355' elevation='120.0' width='86.0' depth='6.2000003' height='34.2' modelSize='25064488'/>
  <pieceOfFurniture catalogId='Sleipnir1#portable' name='筆記型電腦' creator='Sleipnir1' model='134' x='1894.8876' y='746.24457' elevation='105.0' angle='1.3089969' width='30.0' depth='25.300001' height='19.2' modelSize='1905344'/>
  <pieceOfFurniture catalogId='Geantick#souris' name='電腦滑鼠' creator='Geantick' model='136' x='1899.4384' y='777.26294' elevation='105.0' width='6.0' depth='10.1' height='2.4' modelRotation='0 0 -1 0 1 0 1 0 0' modelSize='33060'/>
  <shelfUnit catalogId='Infernal-quack#tableBasseBois' name='木製咖啡桌' creator='Infernal-quack' model='138' x='1461.5194' y='602.6234' angle='4.712389' width='95.0' depth='50.0' height='37.8' modelSize='10157'>
    <material name='lighttannew'>
      <texture name='深色木' width='222.0' height='222.0' image='12'/>
    </material>
  </shelfUnit>
  <pieceOfFurniture name='酒瓶2' model='76/Bottle.3DS' x='1455.4188' y='580.3283' elevation='37.8' width='7.0' depth='7.0' height='25.86598' modelSize='22934808'/>
  <pieceOfFurniture name='板手' model='140/Adjustable%20wrench%20-%20Gas%20Wrench_Tool%20N021223.3ds' x='1952.1' y='499.78278' elevation='155.0' angle='0.17453292' pitch='1.5707964' width='17.737316' depth='31.0' depthInPlan='2.8724358' height='2.8724344' heightInPlan='31.0' shininess='0.5' modelSize='19638256'/>
  <pieceOfFurniture name='0f4da0089b9d6bee96435b2225187905' model='142/Screwdrivers%20Electric%20N030317.3DS' x='1894.1' y='502.79654' elevation='124.0' angle='1.7484555E-7' width='17.7' depth='8.900001' height='23.300001' modelRotation='0 0 1 0 1 0 -1 0 0' modelSize='35785020'/>
  <wall id='wall-e3f75400-bcdd-45f4-82cb-ddb3ee3e1f7b' wallAtStart='wall-e5bec31f-a108-4b12-ab93-b8ce3db83a86' xStart='1011.41516' yStart='394.44043' xEnd='1011.41516' yEnd='805.1476' height='300.0' thickness='14.0' pattern='hatchUp'>
    <texture attribute='leftSideTexture' name='white_stone' width='247.0' height='247.0' image='7'/>
  </wall>
  <wall id='wall-676757a8-454b-43e6-8234-921a3552de8a' xStart='1346.5175' yStart='402.44482' xEnd='1346.5175' yEnd='496.64484' height='300.0' thickness='14.0' pattern='hatchUp'>
    <texture attribute='leftSideTexture' name='t0347515e5ab4a161f4' width='100.0' height='100.89446' image='4'/>
    <texture attribute='rightSideTexture' name='t0347515e5ab4a161f4' width='100.0' height='100.89446' image='4'/>
  </wall>
  <wall id='wall-583077eb-664e-4335-a97d-91b4f4ef7e32' wallAtEnd='wall-763a55ea-dc40-47fc-8709-d7a4d32d186e' xStart='1842.5614' yStart='492.44922' xEnd='1842.5658' yEnd='398.24924' height='300.0' thickness='14.0' pattern='hatchUp'/>
  <wall id='wall-763a55ea-dc40-47fc-8709-d7a4d32d186e' wallAtStart='wall-583077eb-664e-4335-a97d-91b4f4ef7e32' xStart='1842.5658' yStart='398.24924' xEnd='1848.0164' yEnd='394.44043' height='250.0' thickness='14.0' pattern='hatchUp'/>
  <wall id='wall-09ff4bf2-e6ef-4038-b300-fdceab0ba40c' xStart='2505.8118' yStart='394.8072' xEnd='2505.8118' yEnd='623.12384' height='300.0' thickness='14.0' pattern='hatchUp'/>
  <wall id='wall-5ce1f577-46b4-4dac-b498-de637af8c27d' xStart='2367.8118' yStart='398.62384' xEnd='2367.8118' yEnd='623.12384' height='300.0' thickness='14.0' pattern='hatchUp'/>
  <wall id='wall-60164a69-fde8-4889-b1b7-7f6fadcf10e8' xStart='2177.167' yStart='398.44043' xEnd='2177.167' yEnd='634.9404' height='300.0' thickness='14.0' pattern='hatchUp' leftSideShininess='0.25' rightSideShininess='0.25'>
    <texture attribute='leftSideTexture' name='t0347515e5ab4a161f4' width='100.0' height='100.89446' image='4'/>
    <texture attribute='rightSideTexture' name='t0347515e5ab4a161f4' width='100.0' height='100.89446' image='4'/>
  </wall>
  <wall id='wall-2448aa68-310c-4bf5-8176-2d90c55b39ca' wallAtStart='wall-1c6c8cc3-1a7b-4118-acb4-9c06d6f68231' wallAtEnd='wall-e5bec31f-a108-4b12-ab93-b8ce3db83a86' xStart='2610.4204' yStart='398.44043' xEnd='1346.0164' yEnd='395.3017' height='300.0' thickness='14.0' pattern='hatchUp'>
    <texture attribute='leftSideTexture' name='深色木' width='222.0' height='222.0' image='12'/>
  </wall>
  <wall id='wall-e5bec31f-a108-4b12-ab93-b8ce3db83a86' wallAtStart='wall-2448aa68-310c-4bf5-8176-2d90c55b39ca' wallAtEnd='wall-e3f75400-bcdd-45f4-82cb-ddb3ee3e1f7b' xStart='1346.0164' yStart='395.3017' xEnd='1011.41516' yEnd='394.44043' height='300.0' thickness='14.0' pattern='hatchUp'>
    <texture attribute='leftSideTexture' name='t0347515e5ab4a161f4' width='100.0' height='100.89446' image='4'/>
  </wall>
  <wall id='wall-df58f821-a403-445e-955c-50d558c640a5' wallAtEnd='wall-1c6c8cc3-1a7b-4118-acb4-9c06d6f68231' xStart='2610.4204' yStart='805.1476' xEnd='2610.4204' yEnd='608.1476' height='300.0' thickness='14.0' pattern='hatchUp' leftSideShininess='0.25'>
    <texture attribute='leftSideTexture' name='marble' width='200.0' height='518.8679' image='41'/>
  </wall>
  <wall id='wall-1c6c8cc3-1a7b-4118-acb4-9c06d6f68231' wallAtStart='wall-df58f821-a403-445e-955c-50d558c640a5' wallAtEnd='wall-2448aa68-310c-4bf5-8176-2d90c55b39ca' xStart='2610.4204' yStart='608.1476' xEnd='2610.4204' yEnd='398.44043' height='300.0' thickness='14.0' pattern='hatchUp' leftSideShininess='0.25'>
    <texture attribute='leftSideTexture' name='marble' width='200.0' height='518.8679' image='41'/>
  </wall>
  <wall id='wall-6a09c55b-8c5f-41b8-8799-e766f2e838cc' wallAtStart='wall-523d5308-7201-44af-a645-314ac8730de3' xStart='2505.8118' yStart='632.6091' xEnd='2610.4204' yEnd='632.6091' height='300.0' thickness='20.0' pattern='hatchUp' leftSideShininess='0.25' rightSideShininess='0.25'>
    <texture attribute='rightSideTexture' name='t0347515e5ab4a161f4' width='100.0' height='100.89446' image='4'/>
  </wall>
  <wall id='wall-d8915e5e-c1ac-464b-98da-88504fda653b' wallAtEnd='wall-523d5308-7201-44af-a645-314ac8730de3' xStart='2170.8118' yStart='632.6091' xEnd='2367.8118' yEnd='632.6091' height='300.0' thickness='20.0' pattern='hatchUp' leftSideShininess='0.25' rightSideShininess='0.25'>
    <texture attribute='rightSideTexture' name='t0347515e5ab4a161f4' width='100.0' height='100.89446' image='4'/>
  </wall>
  <wall id='wall-523d5308-7201-44af-a645-314ac8730de3' wallAtStart='wall-d8915e5e-c1ac-464b-98da-88504fda653b' wallAtEnd='wall-6a09c55b-8c5f-41b8-8799-e766f2e838cc' xStart='2367.8118' yStart='632.6091' xEnd='2505.8118' yEnd='632.6091' height='300.0' thickness='20.0' pattern='hatchUp' leftSideShininess='0.25' rightSideShininess='0.25'>
    <texture attribute='rightSideTexture' name='t0347515e5ab4a161f4' width='100.0' height='100.89446' image='4'/>
  </wall>
  <room id='room-d4e9e0d2-9a2a-425f-a4cb-102bfd38ab6e' name='全屋' areaVisible='true' ceilingShininess='0.25' ceilingFlat='true'>
    <texture attribute='floorTexture' name='1' width='400.0' height='225.0' image='143'/>
    <texture attribute='ceilingTexture' name='1' width='400.0' height='225.0' scale='2.0' image='143'/>
    <point x='1017.4182' y='404.15625'/>
    <point x='2602.4236' y='404.15625'/>
    <point x='2604.7317' y='803.78424'/>
    <point x='1018.8003' y='794.1408'/>
    <point x='1018.8003' y='794.1408'/>
  </room>
</home>