<?xml version='1.0'?>
<home version='7400' exportFlags='17' name='sweet3d.sh3d' camera='observerCamera' wallHeight='250.0'>
  <environment groundColor='00A8A8A8' skyColor='00CCE4FC' lightColor='00D0D0D0'>
    <texture attribute='groundTexture' name='石地磚' creator='eTeks' catalogId='eTeks#stoneTiles' width='60.0' height='40.0' image='0'/>
    <texture attribute='skyTexture' name='少雲藍' creator='eTeks' catalogId='eTeks#cloudy' width='100.0' height='27.6' image='1'/>
  </environment>
  <observerCamera attribute='observerCamera' lens='PINHOLE' x='1850.7903' y='524.79047' z='147.0' yaw='133.27126' pitch='0.18921773' fieldOfView='2.0943952' time='1753185600469' renderer='com.eteks.sweethome3d.j3d.YafarayRenderer'/>
  <camera attribute='topCamera' lens='PINHOLE' x='-74.4389' y='1756.2698' z='1021.14215' yaw='3.641572' pitch='0.4557981' fieldOfView='1.0995575' time='1753185600000' renderer='com.eteks.sweethome3d.j3d.YafarayRenderer'/>
  <pieceOfFurniture catalogId='eTeks#texturableTriangle' name='三角形' creator='eTeks' model='3/texturableTriangle.obj' x='1989.2505' y='451.3692' angle='1.7484555E-7' roll='1.5707964' width='252.0' widthInPlan='320.0' depth='94.0' height='320.0' heightInPlan='252.00002' shininess='0.5' modelSize='1544'>
    <texture name='Wood-Texture-Background-Wallpaper-Mural' width='376.0' height='249.68748' angle='1.5707964' image='4'/>
  </pieceOfFurniture>
  <doorOrWindow catalogId='eTeks#door' name='門' creator='eTeks' model='6' x='2257.5962' y='604.9167' angle='3.1415925' width='91.5' depth='27.067417' height='208.5' modelSize='14086' movable='false' cutOutShape='M0,0 v1 h1 v-1 z' wallCutOutOnBothSides='true'>
    <texture name='white_stone' width='247.0' height='247.0' image='7'/>
  </doorOrWindow>
  <doorOrWindow catalogId='eTeks#door' name='門' creator='eTeks' model='6' x='2439.0115' y='606.44586' angle='3.1415927' width='91.5' depth='27.067417' height='208.5' modelSize='14086' movable='false' cutOutShape='M0,0 v1 h1 v-1 z' wallCutOutOnBothSides='true'>
    <texture name='white_stone' width='247.0' height='247.0' image='7'/>
  </doorOrWindow>
  <doorOrWindow catalogId='eTeks#door' name='門' creator='eTeks' model='6' x='2557.745' y='606.44586' angle='3.1415927' width='91.5' depth='27.067417' height='208.5' modelSize='14086' movable='false' cutOutShape='M0,0 v1 h1 v-1 z' wallCutOutOnBothSides='true'>
    <texture name='white_stone' width='247.0' height='247.0' image='7'/>
  </doorOrWindow>
  <pieceOfFurniture catalogId='eTeks#toiletUnit' name='抽水馬桶' creator='eTeks' model='9' x='2552.0874' y='445.2976' angle='0.0025739968' width='40.0' depth='80.0' height='62.0' modelSize='125874' movable='false'/>
  <doorOrWindow catalogId='eTeks#doubleOutwardOpeningWindow' name='向外打開視窗' creator='eTeks' model='11' x='2610.1404' y='699.83746' elevation='87.0' angle='1.5707964' width='115.200005' depth='14.56075' height='134.0' modelSize='26300' movable='false' cutOutShape='M0,0 v1 h1 v-1 z' wallCutOutOnBothSides='true'>
    <texture name='深色木' width='222.0' height='222.0' image='12'/>
  </doorOrWindow>
  <pieceOfFurniture catalogId='eTeks#staircase' name='樓梯' creator='eTeks' model='14' x='1471.8364' y='438.91125' angle='1.5707964' width='72.0' depth='222.0' height='1.0' modelSize='13868' movable='false' staircaseCutOutShape='M0,0 v1 h1 v-1 z'/>
  <pieceOfFurniture catalogId='eTeks#bed140x190' name='床' creator='eTeks' model='16' x='1140.3826' y='495.77274' angle='0.0025739975' width='158.0' depth='188.0' height='70.0' modelSize='11797'>
    <texture name='老舊木地板' creator='eTeks' catalogId='eTeks#oldWoodenFloor' width='26.9' height='26.9' image='17'/>
  </pieceOfFurniture>
  <pieceOfFurniture name='格子櫃' model='19/etageres.obj' x='2006.8464' y='475.09393' width='300.0' depth='40.0' height='250.0' modelSize='100553'>
    <texture name='深色木' width='222.0' height='222.0' image='12'/>
  </pieceOfFurniture>
  <pieceOfFurniture name='TV' model='21/MontBlancFrame.obj' x='1348.6635' y='573.0121' elevation='45.0' angle='5.2359877' width='111.0' depth='10.0' height='65.0' shininess='0.5' modelSize='25402'>
    <material name='Aluminium' color='FF1F1F1F'/>
  </pieceOfFurniture>
  <pieceOfFurniture name='mirror' model='23/mirror.obj' x='2458.5962' y='492.5453' angle='1.5707964' width='100.0' depth='0.5' height='180.0' modelSize='6992'/>
  <pieceOfFurniture name='tourRangeCD' model='25/tourRangeCD.obj' x='1608.372' y='524.69714' angle='4.712389' width='19.9' depth='20.0' height='180.0' modelSize='40857'>
    <texture name='深色木' width='222.0' height='222.0' image='12'/>
  </pieceOfFurniture>
  <pieceOfFurniture name='單人沙發' model='27/Sofa-chair%20WD%20N130525.obj' x='1517.6432' y='739.54974' angle='3.926991' pitch='1.5707964' width='67.0' depth='72.0' depthInPlan='73.0' height='73.0' heightInPlan='72.0' modelSize='12434541'>
    <texture name='green fa' width='20.0' height='20.0' image='28'/>
  </pieceOfFurniture>
  <pieceOfFurniture name='singleChair' model='30/singleChair.obj' x='1667.9976' y='733.5216' elevation='5.0' angle='1.8325958' width='67.0' depth='72.0' height='73.0' modelSize='2355740'>
    <texture name='green fa' width='20.0' height='20.0' image='28'/>
  </pieceOfFurniture>
  <pieceOfFurniture name='roundTable2' model='32/roundTable2.obj' x='1588.988' y='741.37854' width='53.8' depth='53.8' height='68.8' modelSize='2029861'>
    <texture name='深色木' width='222.0' height='222.0' image='12'/>
  </pieceOfFurniture>
  <pieceOfFurniture catalogId='eTeks#sink' name='水槽' creator='eTeks' model='34' x='2481.9421' y='741.3041' angle='3.1441667' width='120.0' depth='64.0' height='105.700005' modelSize='41849' movable='false'>
    <material name='silver'>
      <texture name='white_stone' width='247.0' height='247.0' image='7'/>
    </material>
    <material name='white'>
      <texture name='深色木' width='222.0' height='222.0' image='12'/>
    </material>
  </pieceOfFurniture>
  <pieceOfFurniture catalogId='eTeks#cooker' name='爐具' creator='eTeks' model='36' x='2573.3408' y='742.3813' angle='3.1441667' width='60.0' depth='62.0' height='85.0' modelSize='42013'>
    <material name='dkgrey' color='FF350000'/>
    <material name='flwhite1' color='FFE6E6E6'/>
    <material name='white' color='FFDBDBDB'/>
  </pieceOfFurniture>
  <pieceOfFurniture name='滾筒洗衣機' model='38/washer_dryer.obj' x='2466.5618' y='443.6634' width='64.5' depth='77.0' height='94.0' modelSize='65846'/>
  <pieceOfFurniture name='高腳椅' model='40/Bar%20Stool%20Premium%20N240824.obj' x='1850.2098' y='747.10297' angle='2.0943952' width='35.0' depth='44.8' height='97.6' modelRotation='1 0 0 0 0 1 0 -1 0' modelSize='12953150'/>
  <pieceOfFurniture name='高腳椅' model='40/Bar%20Stool%20Premium%20N240824.obj' x='2001.9656' y='699.58124' angle='2.6179938' width='35.0' depth='44.8' height='97.6' modelRotation='1 0 0 0 0 1 0 -1 0' modelSize='12953150'/>
  <pieceOfFurniture name='高腳椅' model='40/Bar%20Stool%20Premium%20N240824.obj' x='1840.5668' y='672.1986' angle='4.712389' width='35.0' depth='44.8' height='97.6' modelRotation='1 0 0 0 0 1 0 -1 0' modelSize='12953150'/>
  <pieceOfFurniture name='電視牆' model='42/Rack.3DS' x='1354.2352' y='571.5939' angle='5.2359877' width='150.0' depth='33.267353' height='128.76141' modelSize='53521063'>
    <material name='Material #30  òê'>
      <texture name='深色木' width='222.0' height='222.0' image='12'/>
    </material>
    <material name='Material #56'>
      <texture name='marble' width='200.0' height='518.8679' image='43'/>
    </material>
    <material name='Material #57'>
      <texture name='marble' width='200.0' height='518.8679' image='43'/>
    </material>
    <material name='Material #69'>
      <texture name='marble' width='200.0' height='518.8679' image='43'/>
    </material>
    <material name='w  birch'>
      <texture name='marble' width='200.0' height='518.8679' image='43'/>
    </material>
    <material name='w  birch1'>
      <texture name='marble' width='200.0' height='518.8679' image='43'/>
    </material>
    <material name='wood liq'>
      <texture name='marble' width='200.0' height='518.8679' image='43'/>
    </material>
  </pieceOfFurniture>
  <pieceOfFurniture name='大門牆' creator='NB-L' model='45/sweet3d.obj' x='1586.5165' y='487.28082' width='485.0' depth='14.0' height='300.0' movable='false'>
    <texture name='Wood-Texture-Background-Wallpaper-Mural' width='376.0' height='249.68748' image='4'/>
  </pieceOfFurniture>
  <doorOrWindow catalogId='eTeks#frontDoor' name='前門' creator='eTeks' model='47' x='1666.7665' y='488.38483' width='101.5' depth='17.889639' height='208.5' modelSize='24179' movable='false' cutOutShape='M0,0 v1 h1 v-1 z' wallCutOutOnBothSides='true'>
    <texture name='marble' width='200.0' height='518.8679' image='43'/>
  </doorOrWindow>
  <pieceOfFurniture name='sweet3d' creator='NB-L' model='48/sweet3d.obj' x='1808.4209' y='782.688' width='1608.0' widthInPlan='1608.0004' depth='18.459183' height='307.65305' movable='false'>
    <texture name='淺灰水泥' width='200.0' height='200.0' angle='1.5707964' scale='1.2' image='49'/>
  </pieceOfFurniture>
  <pieceOfFurniture name='格子櫃' model='19/etageres.obj' x='1777.8585' y='515.2491' angle='1.7484555E-7' width='100.0' depth='40.0' height='300.0' modelSize='100553'>
    <texture name='深色木' width='222.0' height='222.0' image='12'/>
  </pieceOfFurniture>
  <pieceOfFurniture name='390b1e4eb98efea07d34e7c95b498785' model='51/Hallway_Wardrobe%20N121124.3ds' x='1319.0664' y='477.91458' angle='1.5707964' width='150.2' depth='39.9' height='241.1' modelRotation='0 0 1 0 1 0 -1 0 0' modelSize='2783591'/>
  <pieceOfFurniture name='tourRangeCD' model='25/tourRangeCD.obj' x='1608.4108' y='504.28082' angle='4.712389' width='19.9' depth='20.0' height='200.0' modelSize='40857'>
    <texture name='深色木' width='222.0' height='222.0' image='12'/>
  </pieceOfFurniture>
  <pieceOfFurniture name='tourRangeCD' model='25/tourRangeCD.obj' x='1608.3219' y='545.1299' width='19.9' depth='20.0' height='160.0' modelSize='40857'>
    <texture name='深色木' width='222.0' height='222.0' image='12'/>
  </pieceOfFurniture>
  <pieceOfFurniture name='壁燈' model='53/Sconce%20Bacon%20Wall%20Lamp%20N020821/Sconce%20Bacon%20Wall%20Lamp%20N020821.3ds' x='1773.3219' y='759.7584' elevation='180.0' angle='3.1415927' width='21.0' depth='27.4' height='48.4' modelSize='28078657'>
    <material name='tank_glass' color='FFFFF2CE'/>
  </pieceOfFurniture>
  <pieceOfFurniture name='壁燈' model='53/Sconce%20Bacon%20Wall%20Lamp%20N020821/Sconce%20Bacon%20Wall%20Lamp%20N020821.3ds' x='1459.3813' y='759.7584' elevation='180.0' angle='3.1415927' width='21.0' depth='27.4' height='48.4' modelSize='28078657'>
    <material name='tank_glass' color='FFFFF2CE'/>
  </pieceOfFurniture>
  <pieceOfFurniture name='壁燈' model='53/Sconce%20Bacon%20Wall%20Lamp%20N020821/Sconce%20Bacon%20Wall%20Lamp%20N020821.3ds' x='1168.7848' y='759.75836' elevation='180.0' angle='3.1415927' width='21.0' depth='27.4' height='48.4' modelSize='28078657'>
    <material name='tank_glass' color='FFFFF2CE'/>
  </pieceOfFurniture>
  <pieceOfFurniture name='壁燈' model='53/Sconce%20Bacon%20Wall%20Lamp%20N020821/Sconce%20Bacon%20Wall%20Lamp%20N020821.3ds' x='2340.2961' y='762.391' elevation='180.0' angle='3.1415927' width='21.0' depth='27.4' height='48.4' modelSize='28078657'>
    <material name='tank_glass' color='FFFFF2CE'/>
  </pieceOfFurniture>
  <pieceOfFurniture name='5bfde4684a4aa727445dd54b0305b1f0' model='54/Refrigerator.3DS' x='2227.7754' y='742.0084' angle='3.1415927' width='113.5' depth='62.9' height='173.0' modelRotation='-1 0 0 0 1 0 0 0 -1' modelSize='5040661'>
    <material name='01 - Default' color='FFFFFFFF' shininess='1.0'/>
  </pieceOfFurniture>
  <light catalogId='eTeks#incandescentLightSource' name='白熾光源' creator='eTeks' model='56' x='1168.7877' y='756.8114' elevation='180.0' width='10.0' depth='10.0' height='10.0' modelSize='1286' horizontallyRotatable='false' deformable='false' texturable='false'/>
  <light catalogId='eTeks#incandescentLightSource' name='白熾光源' creator='eTeks' model='56' x='1459.8188' y='757.6205' elevation='180.0' width='10.0' depth='10.0' height='10.0' modelSize='1286' horizontallyRotatable='false' deformable='false' texturable='false'/>
  <light catalogId='eTeks#incandescentLightSource' name='白熾光源' creator='eTeks' model='56' x='1773.4718' y='757.0171' elevation='180.0' width='10.0' depth='10.0' height='10.0' modelSize='1286' horizontallyRotatable='false' deformable='false' texturable='false'/>
  <light catalogId='eTeks#incandescentLightSource' name='白熾光源' creator='eTeks' model='56' x='2339.8289' y='759.5098' elevation='180.0' width='10.0' depth='10.0' height='10.0' modelSize='1286' horizontallyRotatable='false' deformable='false' texturable='false'/>
  <pieceOfFurniture catalogId='eTeks#bed90x190' name='床 90x190' creator='eTeks' model='59' x='2315.5427' y='498.71286' angle='0.0025739835' width='90.0' depth='188.0' height='70.0' modelSize='11692'>
    <texture name='深色木' width='222.0' height='222.0' image='12'/>
  </pieceOfFurniture>
  <pieceOfFurniture name='1728ba994d684bec73278595ed0bf126' model='61/050512_stand_vine.3DS' x='2065.0938' y='759.75836' angle='3.1415927' width='210.0' depth='27.4' height='280.0' modelRotation='0 0 -1 0 1 0 1 0 0' modelSize='97755'>
    <material name='Material #32'>
      <texture name='深色木' width='222.0' height='222.0' image='12'/>
    </material>
  </pieceOfFurniture>
  <pieceOfFurniture name='長抽屜桌' model='63/Rack%20for%20wine%20N250511.3DS' x='1982.5613' y='646.43225' width='150.0' depth='50.0' height='105.0' modelSize='1943708'>
    <material name='chrome go'>
      <texture name='深色木' width='222.0' height='222.0' image='12'/>
    </material>
    <material name='front'>
      <texture name='marble' width='200.0' height='518.8679' image='43'/>
    </material>
    <material name='front1'>
      <texture name='marble' width='200.0' height='518.8679' image='43'/>
    </material>
    <material name='front2'>
      <texture name='marble' width='200.0' height='518.8679' image='43'/>
    </material>
    <material name='front3'>
      <texture name='marble' width='200.0' height='518.8679' image='43'/>
    </material>
    <material name='Áàð_Äåðåâî_ìàòåð'>
      <texture name='white_stone' width='247.0' height='247.0' image='7'/>
    </material>
  </pieceOfFurniture>
  <pieceOfFurniture name='長抽屜桌' model='63/Rack%20for%20wine%20N250511.3DS' x='1894.3468' y='700.8278' angle='4.712389' width='150.0' depth='50.0' height='105.0' modelSize='1943708'>
    <material name='chrome go'>
      <texture name='深色木' width='222.0' height='222.0' image='12'/>
    </material>
    <material name='front'>
      <texture name='marble' width='200.0' height='518.8679' image='43'/>
    </material>
    <material name='front1'>
      <texture name='marble' width='200.0' height='518.8679' image='43'/>
    </material>
    <material name='front2'>
      <texture name='marble' width='200.0' height='518.8679' image='43'/>
    </material>
    <material name='front3'>
      <texture name='marble' width='200.0' height='518.8679' image='43'/>
    </material>
    <material name='Áàð_Äåðåâî_ìàòåð'>
      <texture name='white_stone' width='247.0' height='247.0' image='7'/>
    </material>
  </pieceOfFurniture>
  <pieceOfFurniture catalogId='eTeks#texturableBox' name='盒子' creator='eTeks' model='65/texturableBox.obj' x='1989.0165' y='451.2604' elevation='252.0' angle='4.712389' width='94.0' depth='320.0' height='48.0' modelSize='1661'>
    <material name='left'>
      <texture name='Wood-Texture-Background-Wallpaper-Mural' width='376.0' height='249.68748' scale='1.2' image='4'/>
    </material>
    <material name='right'>
      <texture name='Wood-Texture-Background-Wallpaper-Mural' width='376.0' height='249.68748' scale='2.22' image='4'/>
    </material>
  </pieceOfFurniture>
  <pieceOfFurniture name='木框畫' model='67/Picture%20gold%20decor%20N130122/Picture%20gold%20decor%20N130122.3ds' x='1589.699' y='771.6584' elevation='130.0' angle='3.1415927' width='72.3' depth='3.6000001' height='88.9' modelRotation='-1 0 0 0 1 0 0 0 -1' modelSize='73217895'>
    <material name='Metal'>
      <texture name='getImage' width='180.0' height='225.33012' xOffset='0.3' angle='4.712389' scale='0.6' image='68'/>
    </material>
    <material name='Steel'>
      <texture name='深色木' width='222.0' height='222.0' image='12'/>
    </material>
  </pieceOfFurniture>
  <pieceOfFurniture name='玻璃杯' model='70/Glass%20Ligne%20Roset%20Smoked%20Glass%20N210922/Glass%20Ligne%20Roset%20Smoked%20Glass%20N210922.3ds' x='1893.3208' y='654.2222' elevation='105.0' width='10.400001' depth='12.7' height='18.7' modelSize='5546707'/>
  <light catalogId='eTeks#incandescentLightSource' name='白熾光源' creator='eTeks' model='56' x='2137.9224' y='554.0857' elevation='180.0' width='10.0' depth='10.0' height='10.0' modelSize='1286' horizontallyRotatable='false' deformable='false' texturable='false'/>
  <pieceOfFurniture name='壁燈' model='53/Sconce%20Bacon%20Wall%20Lamp%20N020821/Sconce%20Bacon%20Wall%20Lamp%20N020821.3ds' x='2143.1465' y='553.7062' elevation='180.0' angle='1.5707964' width='21.0' depth='27.4' height='48.4' modelSize='28078657'>
    <material name='tank_glass' color='FFFFF2CE'/>
  </pieceOfFurniture>
  <light catalogId='Puybaret#minispot' name='Mini spot' creator='Emmanuel Puybaret' model='72/minispot.obj' x='1587.966' y='729.7647' elevation='290.0' width='7.0' depth='7.0' height='0.3' modelSize='11003'/>
  <light catalogId='Puybaret#minispot' name='Mini spot' creator='Emmanuel Puybaret' model='72/minispot.obj' x='1668.0435' y='529.0451' elevation='290.0' width='7.0' depth='7.0' height='0.3' modelSize='11003'/>
  <light catalogId='Puybaret#minispot' name='Mini spot' creator='Emmanuel Puybaret' model='72/minispot.obj' x='1892.6812' y='704.0536' elevation='290.0' width='7.0' depth='7.0' height='0.3' modelSize='11003'/>
  <light catalogId='Puybaret#minispot' name='Mini spot' creator='Emmanuel Puybaret' model='72/minispot.obj' x='1991.0431' y='645.6916' elevation='290.0' width='7.0' depth='7.0' height='0.3' modelSize='11003'/>
  <pieceOfFurniture name='酒瓶1' model='74/Bottle%20Reserva%20Casillero%20del%20Diablo%20SHIRAZ%20by%20Jose%20N030519.3ds' x='2078.2837' y='762.2927' elevation='100.0' angle='2.3561945' width='11.3' depth='11.3' height='45.0' modelSize='6409473'/>
  <pieceOfFurniture name='酒瓶1' model='74/Bottle%20Reserva%20Casillero%20del%20Diablo%20SHIRAZ%20by%20Jose%20N030519.3ds' x='2122.3162' y='762.9878' elevation='100.0' angle='2.3561945' width='11.3' depth='11.3' height='45.0' modelSize='6409473'/>
  <pieceOfFurniture name='酒瓶1' model='74/Bottle%20Reserva%20Casillero%20del%20Diablo%20SHIRAZ%20by%20Jose%20N030519.3ds' x='1973.2993' y='761.71295' elevation='190.0' angle='2.3561945' width='11.3' depth='11.3' height='45.0' modelSize='6409473'>
    <material name='clear_window' color='FF494949'/>
  </pieceOfFurniture>
  <pieceOfFurniture name='酒瓶2' model='76/Bottle.3DS' x='1987.8824' y='761.8219' elevation='100.0' width='9.0' depth='9.0' height='33.22059' modelSize='22934808'>
    <material name='wire_060135006' color='FFFFFFFF'/>
  </pieceOfFurniture>
  <pieceOfFurniture name='酒瓶2' model='76/Bottle.3DS' x='2000.3967' y='762.51697' elevation='100.0' width='9.0' depth='9.0' height='33.2' modelSize='22934808'/>
  <pieceOfFurniture name='酒瓶2' model='76/Bottle.3DS' x='2049.5513' y='762.0301' elevation='100.0' width='9.0' depth='9.0' height='33.2' color='FF3B2100' modelSize='22934808'/>
  <pieceOfFurniture name='酒瓶2' model='76/Bottle.3DS' x='2063.2476' y='762.3311' elevation='144.0' width='9.0' depth='9.0' height='33.2' color='FF002A38' modelSize='22934808'/>
  <pieceOfFurniture name='酒瓶2' model='76/Bottle.3DS' x='2142.3445' y='763.0261' elevation='144.0' width='9.0' depth='9.0' height='33.2' color='FF350006' modelSize='22934808'/>
  <pieceOfFurniture name='威士忌' model='78/Bottle.3DS' x='2159.7898' y='760.0572' elevation='110.0' width='13.278063' depth='13.189541' height='34.7' modelSize='9132724'/>
  <pieceOfFurniture name='隔板' model='80/Partition%20Panel%2001%2070.3DS' x='1317.1273' y='576.61743' angle='5.4977875' width='60.0' depth='7.0' height='250.0' modelSize='16055'>
    <material name='Metal-Iron'>
      <texture name='灰地磚' creator='eTeks' catalogId='eTeks#greyTile' width='31.5' height='31.5' image='81'/>
    </material>
    <material name='Metal-Zinc'>
      <texture name='灰地磚' creator='eTeks' catalogId='eTeks#greyTile' width='31.5' height='31.5' image='81'/>
    </material>
    <material name='Surface-White' shininess='1.0'>
      <texture name='灰地磚' creator='eTeks' catalogId='eTeks#greyTile' width='31.5' height='31.5' scale='6.0' image='81'/>
    </material>
  </pieceOfFurniture>
  <pieceOfFurniture name='隔板' model='80/Partition%20Panel%2001%2070.3DS' x='1264.9762' y='631.70123' angle='5.759587' width='60.0' depth='7.0' height='250.0' modelSize='16055'>
    <material name='Metal-Iron' shininess='1.0'>
      <texture name='淺灰水泥' width='200.0' height='200.0' image='49'/>
    </material>
    <material name='Metal-Zinc'>
      <texture name='淺灰水泥' width='200.0' height='200.0' image='49'/>
    </material>
    <material name='Surface-White' color='00000000' shininess='1.0'/>
  </pieceOfFurniture>
  <pieceOfFurniture name='隔板' model='80/Partition%20Panel%2001%2070.3DS' x='1215.7091' y='667.2485' angle='0.2617994' width='60.0' depth='7.0' height='250.0' modelSize='16055'>
    <material name='Metal-Iron'>
      <texture name='灰地磚' creator='eTeks' catalogId='eTeks#greyTile' width='31.5' height='31.5' image='81'/>
    </material>
    <material name='Metal-Zinc'>
      <texture name='灰地磚' creator='eTeks' catalogId='eTeks#greyTile' width='31.5' height='31.5' image='81'/>
    </material>
    <material name='Surface-White' shininess='1.0'>
      <texture name='灰地磚' creator='eTeks' catalogId='eTeks#greyTile' width='31.5' height='31.5' scale='6.0' image='81'/>
    </material>
  </pieceOfFurniture>
  <pieceOfFurniture name='隔板' model='80/Partition%20Panel%2001%2070.3DS' x='1153.2949' y='686.0011' angle='6.021386' width='60.0' depth='7.0' height='250.0' modelSize='16055'>
    <material name='Metal-Iron'>
      <texture name='灰地磚' creator='eTeks' catalogId='eTeks#greyTile' width='31.5' height='31.5' image='81'/>
    </material>
    <material name='Metal-Zinc'>
      <texture name='灰地磚' creator='eTeks' catalogId='eTeks#greyTile' width='31.5' height='31.5' image='81'/>
    </material>
    <material name='Surface-White' shininess='1.0'>
      <texture name='灰地磚' creator='eTeks' catalogId='eTeks#greyTile' width='31.5' height='31.5' scale='6.0' image='81'/>
    </material>
  </pieceOfFurniture>
  <pieceOfFurniture name='躺椅' model='83/Vigfurniture_Divani%20Casa%20Samarium%20Modern%20Black%20Leather%20Chaise%20N020724.3DS' x='1520.2219' y='532.18085' angle='1.5707964' width='75.8' depth='156.3' height='89.1' modelRotation='-1 0 0 0 1 0 0 0 -1' modelSize='14349083'/>
  <doorOrWindow catalogId='eTeks#frenchWindow85x200' name='落地窗' creator='eTeks' model='85' x='1008.89514' y='592.1832' elevation='11.0' angle='1.5707964' width='440.0' depth='19.04075' height='35.0' modelSize='9824' movable='false' cutOutShape='M0,0 v1 h1 v-1 z' wallCutOutOnBothSides='true'/>
  <doorOrWindow catalogId='eTeks#window85x163' name='窗戶' creator='eTeks' model='87' x='1005.25116' y='727.011' elevation='67.0' angle='1.5707964' width='121.0' depth='19.04075' height='220.0' modelSize='8910' movable='false' cutOutShape='M0,0 v1 h1 v-1 z' wallCutOutOnBothSides='true'>
    <material name='white'>
      <texture name='深色木' width='222.0' height='222.0' image='12'/>
    </material>
  </doorOrWindow>
  <doorOrWindow catalogId='eTeks#window85x163' name='窗戶' creator='eTeks' model='87' x='1008.89514' y='526.5913' elevation='67.0' angle='1.5707964' width='340.0' depth='19.04075' height='220.0' modelSize='8910' movable='false' cutOutShape='M0,0 v1 h1 v-1 z' wallCutOutOnBothSides='true'>
    <material name='white'>
      <texture name='深色木' width='222.0' height='222.0' image='12'/>
    </material>
  </doorOrWindow>
  <pieceOfFurniture name='隔板' model='80/Partition%20Panel%2001%2070.3DS' x='1350.1558' y='526.53876' angle='5.2359877' width='60.0' depth='7.0' height='250.0' modelSize='16055'>
    <material name='Metal-Iron'>
      <texture name='灰地磚' creator='eTeks' catalogId='eTeks#greyTile' width='31.5' height='31.5' image='81'/>
    </material>
    <material name='Metal-Zinc'>
      <texture name='灰地磚' creator='eTeks' catalogId='eTeks#greyTile' width='31.5' height='31.5' image='81'/>
    </material>
    <material name='Surface-White' shininess='1.0'>
      <texture name='灰地磚' creator='eTeks' catalogId='eTeks#greyTile' width='31.5' height='31.5' scale='6.0' image='81'/>
    </material>
  </pieceOfFurniture>
  <pieceOfFurniture name='隔板' model='80/Partition%20Panel%2001%2070.3DS' x='1070.8212' y='693.9732' width='81.0' depth='6.0' height='250.0' modelSize='16055'>
    <material name='Metal-Iron'>
      <texture name='灰地磚' creator='eTeks' catalogId='eTeks#greyTile' width='31.5' height='31.5' image='81'/>
    </material>
    <material name='Metal-Zinc'>
      <texture name='灰地磚' creator='eTeks' catalogId='eTeks#greyTile' width='31.5' height='31.5' image='81'/>
    </material>
    <material name='Surface-White' shininess='1.0'>
      <texture name='灰地磚' creator='eTeks' catalogId='eTeks#greyTile' width='31.5' height='31.5' scale='6.0' image='81'/>
    </material>
  </pieceOfFurniture>
  <wall id='wall-e3f75400-bcdd-45f4-82cb-ddb3ee3e1f7b' wallAtStart='wall-e5bec31f-a108-4b12-ab93-b8ce3db83a86' xStart='1011.41516' yStart='394.44043' xEnd='1011.41516' yEnd='780.4404' height='300.0' thickness='14.0' pattern='hatchUp'>
    <texture attribute='leftSideTexture' name='深色木' width='222.0' height='222.0' image='12'/>
  </wall>
  <wall id='wall-f1de2da8-cd91-4637-85a3-1e87d2d15096' wallAtEnd='wall-2448aa68-310c-4bf5-8176-2d90c55b39ca' xStart='2610.4204' yStart='784.4404' xEnd='2610.4204' yEnd='398.44043' height='300.0' thickness='14.0' pattern='hatchUp' leftSideShininess='0.25'>
    <texture attribute='leftSideTexture' name='marble' width='200.0' height='518.8679' image='43'/>
  </wall>
  <wall id='wall-676757a8-454b-43e6-8234-921a3552de8a' xStart='1346.0164' yStart='400.44043' xEnd='1346.0164' yEnd='494.64044' height='300.0' thickness='14.0' pattern='hatchUp'>
    <texture attribute='leftSideTexture' name='Wood-Texture-Background-Wallpaper-Mural' width='376.0' height='249.68748' image='4'/>
    <texture attribute='rightSideTexture' name='Wood-Texture-Background-Wallpaper-Mural' width='376.0' height='249.68748' image='4'/>
  </wall>
  <wall id='wall-583077eb-664e-4335-a97d-91b4f4ef7e32' wallAtEnd='wall-763a55ea-dc40-47fc-8709-d7a4d32d186e' xStart='1822.0164' yStart='488.44043' xEnd='1822.0208' yEnd='394.44043' height='300.0' thickness='14.0' pattern='hatchUp'/>
  <wall id='wall-763a55ea-dc40-47fc-8709-d7a4d32d186e' wallAtStart='wall-583077eb-664e-4335-a97d-91b4f4ef7e32' xStart='1822.0208' yStart='394.44043' xEnd='1848.0164' yEnd='394.44043' height='250.0' thickness='14.0' pattern='hatchUp'/>
  <wall id='wall-09ff4bf2-e6ef-4038-b300-fdceab0ba40c' xStart='2505.8118' yStart='394.8072' xEnd='2505.8118' yEnd='611.8072' height='300.0' thickness='14.0' pattern='hatchUp'/>
  <wall id='wall-5ce1f577-46b4-4dac-b498-de637af8c27d' xStart='2367.8118' yStart='398.62384' xEnd='2367.8118' yEnd='615.62384' height='300.0' thickness='14.0' pattern='hatchUp'/>
  <wall id='wall-60164a69-fde8-4889-b1b7-7f6fadcf10e8' xStart='2163.8464' yStart='398.44043' xEnd='2163.8464' yEnd='615.4404' height='300.0' thickness='14.0' pattern='hatchUp' leftSideShininess='0.25' rightSideShininess='0.25'>
    <texture attribute='leftSideTexture' name='marble' width='200.0' height='518.8679' image='43'/>
    <texture attribute='rightSideTexture' name='marble' width='200.0' height='518.8679' image='43'/>
  </wall>
  <wall id='wall-e552f103-1315-4296-9a0e-93a7bebcc19a' xStart='2162.3445' yStart='611.1125' xEnd='2610.4204' yEnd='611.1125' height='300.0' thickness='14.0' pattern='hatchUp' leftSideShininess='0.25' rightSideShininess='0.25'>
    <texture attribute='rightSideTexture' name='marble' width='200.0' height='518.8679' image='43'/>
  </wall>
  <wall id='wall-2448aa68-310c-4bf5-8176-2d90c55b39ca' wallAtStart='wall-f1de2da8-cd91-4637-85a3-1e87d2d15096' wallAtEnd='wall-e5bec31f-a108-4b12-ab93-b8ce3db83a86' xStart='2610.4204' yStart='398.44043' xEnd='1346.0164' yEnd='395.3017' height='300.0' thickness='14.0' pattern='hatchUp'>
    <texture attribute='leftSideTexture' name='深色木' width='222.0' height='222.0' image='12'/>
  </wall>
  <wall id='wall-e5bec31f-a108-4b12-ab93-b8ce3db83a86' wallAtStart='wall-2448aa68-310c-4bf5-8176-2d90c55b39ca' wallAtEnd='wall-e3f75400-bcdd-45f4-82cb-ddb3ee3e1f7b' xStart='1346.0164' yStart='395.3017' xEnd='1011.41516' yEnd='394.44043' height='300.0' thickness='14.0' pattern='hatchUp'>
    <texture attribute='leftSideTexture' name='Wood-Texture-Background-Wallpaper-Mural' width='376.0' height='249.68748' image='4'/>
  </wall>
  <room id='room-8758da6f-206d-43ae-a4b7-82a4cae819dc' areaVisible='true' ceilingFlat='true'>
    <texture attribute='floorTexture' name='木地板' creator='eTeks' catalogId='eTeks#woodenFloor' width='42.5' height='42.5' image='88'/>
    <point x='1018.41516' y='401.45844'/>
    <point x='1339.0164' y='402.2837'/>
    <point x='1339.0164' y='494.64044'/>
    <point x='1284.0164' y='589.90326'/>
    <point x='1207.6489' y='666.27075'/>
    <point x='1112.0197' y='691.89386'/>
    <point x='1018.41516' y='691.89386'/>
  </room>
  <room id='room-d4e9e0d2-9a2a-425f-a4cb-102bfd38ab6e' name='全屋' areaVisible='true' floorShininess='0.25' ceilingShininess='0.25' ceilingFlat='true'>
    <texture attribute='floorTexture' name='淺橡木' width='20.0' height='20.0' scale='10.0' image='89'/>
    <texture attribute='ceilingTexture' name='淺灰水泥' width='200.0' height='200.0' scale='2.0' image='49'/>
    <point x='1022.5906' y='402.1147'/>
    <point x='2610.274' y='404.7407'/>
    <point x='2610.274' y='783.75806'/>
    <point x='1024.3442' y='774.1146'/>
    <point x='1024.3442' y='774.1146'/>
  </room>
</home>